name;empty;deterministic;inherently weak;semi deterministic;terminal;unambiguous;weak;very weak;elevator;one-state;
outputs_20251125_232845/out_20.txt;0;0;0;1;0;0;0;0;0;
outputs_20251125_232845/out_44.txt;0;0;0;0;0;0;0;0;0;
outputs_20251125_232845/out_48.txt;0;0;0;0;0;0;0;0;0;
outputs_20251125_232845/out_89.txt;0;0;0;1;0;0;0;0;0;
outputs_20251125_232845/out_110.txt;0;0;0;1;0;0;0;0;0;
outputs_20251125_232845/out_114.txt;0;0;0;0;0;0;0;0;0;
outputs_20251125_232845/out_118.txt;0;0;0;0;0;0;0;0;0;
outputs_20251125_232845/out_122.txt;0;0;0;0;0;0;0;0;0;
outputs_20251125_232845/out_158.txt;0;0;0;0;0;0;0;0;0;
outputs_20251125_232845/out_185.txt;0;0;0;0;0;0;0;0;0;
outputs_20251125_232845/out_215.txt;0;0;0;1;0;0;0;0;0;
outputs_20251125_232845/out_228.txt;0;0;0;0;0;0;0;0;1;
outputs_20251125_232845/out_230.txt;0;0;0;0;0;0;0;0;0;
outputs_20251125_232845/out_237.txt;0;0;0;0;0;0;0;0;0;
outputs_20251125_232845/out_256.txt;0;0;0;0;0;0;0;0;0;
outputs_20251125_232845/out_275.txt;0;0;0;0;0;0;0;0;1;
outputs_20251125_232845/out_282.txt;0;0;0;1;0;0;0;0;0;
outputs_20251125_232845/out_295.txt;0;0;0;0;0;0;0;0;0;
outputs_20251125_232845/out_301.txt;0;0;0;0;0;0;0;0;0;
outputs_20251125_232845/out_302.txt;0;0;0;0;0;0;0;0;0;
outputs_20251125_232845/out_307.txt;0;0;0;0;0;0;0;0;0;
outputs_20251125_232845/out_316.txt;0;0;0;0;0;0;0;0;0;
outputs_20251125_232845/out_325.txt;0;0;0;0;0;0;0;0;0;
outputs_20251125_232845/out_330.txt;0;0;0;0;0;0;0;0;0;
outputs_20251125_232845/out_332.txt;0;0;0;0;0;0;0;0;0;
outputs_20251125_232845/out_334.txt;0;0;0;0;0;0;0;0;0;
outputs_20251125_232845/out_337.txt;0;0;0;0;0;0;0;0;0;
outputs_20251125_232845/out_350.txt;0;0;0;0;0;0;0;0;1;
outputs_20251125_232845/out_373.txt;0;0;0;0;0;0;0;0;0;
outputs_20251125_232845/out_378.txt;0;0;0;0;0;0;0;0;0;
outputs_20251125_232845/out_409.txt;0;0;0;0;0;0;0;0;0;
outputs_20251125_232845/out_420.txt;0;0;0;0;0;0;0;0;0;
outputs_20251125_232845/out_422.txt;0;0;0;1;0;0;0;0;0;
outputs_20251125_232845/out_433.txt;0;0;0;1;0;0;0;0;0;
outputs_20251125_232845/out_457.txt;0;0;0;0;0;0;0;0;0;
outputs_20251125_232845/out_460.txt;0;0;0;0;0;0;0;0;0;
outputs_20251125_232845/out_463.txt;0;0;0;0;0;0;0;0;0;
outputs_20251125_232845/out_478.txt;0;0;0;0;0;0;0;0;0;
outputs_20251125_232845/out_486.txt;0;0;0;0;0;0;0;0;0;
outputs_20251125_232845/out_493.txt;0;0;0;1;0;0;0;0;0;
outputs_20251125_232845/out_495.txt;0;0;0;0;0;0;0;0;0;
outputs_20251125_232845/out_526.txt;0;0;0;1;0;0;0;0;0;
outputs_20251125_232845/out_535.txt;0;0;0;0;0;0;0;0;0;
outputs_20251125_232845/out_538.txt;0;0;0;0;0;0;0;0;0;
outputs_20251125_232845/out_541.txt;0;0;0;0;0;0;0;0;0;
outputs_20251125_232845/out_546.txt;0;0;0;0;0;0;0;0;0;
outputs_20251125_232845/out_562.txt;0;0;0;0;0;0;0;0;0;
outputs_20251125_232845/out_570.txt;0;0;0;1;0;0;0;0;0;
outputs_20251125_232845/out_572.txt;0;0;0;0;0;0;0;0;0;
outputs_20251125_232845/out_578.txt;0;0;0;0;0;0;0;0;0;
outputs_20251125_232845/out_601.txt;0;0;0;0;0;0;0;0;0;
outputs_20251125_232845/out_621.txt;0;0;0;1;0;0;0;0;0;
outputs_20251125_232845/out_626.txt;0;0;0;1;0;0;0;0;0;
outputs_20251125_232845/out_629.txt;0;0;0;0;0;0;0;0;0;
outputs_20251125_232845/out_657.txt;0;0;0;0;0;0;0;0;0;
outputs_20251125_232845/out_658.txt;0;0;0;0;0;0;0;0;0;
outputs_20251125_232845/out_674.txt;0;0;0;0;0;0;0;0;0;
outputs_20251125_232845/out_679.txt;0;0;0;0;0;0;0;0;0;
outputs_20251125_232845/out_682.txt;0;0;0;0;0;0;0;0;0;
outputs_20251125_232845/out_703.txt;0;0;0;0;0;1;0;0;0;
outputs_20251125_232845/out_753.txt;0;0;0;0;0;0;0;0;0;
outputs_20251125_232845/out_756.txt;0;0;0;0;0;0;0;0;0;
outputs_20251125_232845/out_759.txt;0;0;0;0;0;0;0;0;0;
outputs_20251125_232845/out_781.txt;0;0;0;0;0;0;0;0;0;
outputs_20251125_232845/out_789.txt;0;0;0;0;0;0;0;0;1;
outputs_20251125_232845/out_823.txt;0;0;0;0;0;0;0;0;0;
outputs_20251125_232845/out_850.txt;0;0;0;1;0;0;0;0;0;
outputs_20251125_232845/out_853.txt;0;0;0;0;0;0;0;0;0;
outputs_20251125_232845/out_865.txt;0;0;0;0;0;0;0;0;0;
outputs_20251125_232845/out_870.txt;0;0;0;0;0;0;0;0;0;
outputs_20251125_232845/out_878.txt;0;0;0;0;0;0;0;0;0;
outputs_20251125_232845/out_896.txt;0;0;0;0;0;0;0;0;0;
outputs_20251125_232845/out_911.txt;0;0;0;0;0;0;0;0;0;
outputs_20251125_232845/out_926.txt;0;0;0;0;0;0;0;0;0;
outputs_20251125_232845/out_932.txt;0;0;0;0;0;0;0;0;0;
outputs_20251125_232845/out_935.txt;0;0;0;0;0;0;0;0;0;
outputs_20251125_232845/out_944.txt;0;0;0;0;0;0;0;0;0;
outputs_20251125_232845/out_953.txt;0;0;0;0;0;0;0;0;0;
outputs_20251125_232845/out_964.txt;0;0;0;0;0;0;0;0;0;
outputs_20251125_232845/out_969.txt;0;0;0;0;0;0;0;0;0;
outputs_20251125_232845/out_978.txt;0;0;0;0;0;0;0;0;0;
outputs_20251125_232845/out_984.txt;0;0;0;0;0;0;0;0;0;
outputs_20251125_232845/out_987.txt;0;0;0;0;0;0;0;0;0;
outputs_20251125_232845/out_1007.txt;0;0;0;0;0;0;0;0;0;
outputs_20251125_232845/out_1024.txt;0;0;0;0;0;0;0;0;0;
outputs_20251125_232845/out_1068.txt;0;0;0;0;0;0;0;0;0;
outputs_20251125_232845/out_1073.txt;0;0;0;0;0;0;0;0;0;
outputs_20251125_232845/out_1085.txt;0;0;0;1;0;0;0;0;0;
outputs_20251125_232845/out_1089.txt;0;0;0;0;0;0;0;0;0;
outputs_20251125_232845/out_1097.txt;0;0;0;0;0;0;0;0;0;
outputs_20251125_232845/out_1175.txt;0;0;0;0;0;0;0;0;0;
outputs_20251125_232845/out_1176.txt;0;0;0;0;0;0;0;0;0;
outputs_20251125_232845/out_1177.txt;0;0;0;0;0;0;0;0;0;
outputs_20251125_232845/out_1181.txt;0;0;0;0;0;0;0;0;0;
outputs_20251125_232845/out_1182.txt;0;0;0;0;0;0;0;0;0;
outputs_20251125_232845/out_1186.txt;0;0;0;0;0;0;0;0;0;
outputs_20251125_232845/out_1210.txt;0;0;0;0;0;1;0;0;0;
outputs_20251125_232845/out_1220.txt;0;0;0;0;0;0;0;0;0;
outputs_20251125_232845/out_1228.txt;0;0;0;0;0;0;0;0;0;
outputs_20251125_232845/out_1232.txt;0;0;0;0;0;0;0;0;0;
outputs_20251125_232845/out_1233.txt;0;0;0;0;0;0;0;0;0;
outputs_20251125_232845/out_1234.txt;0;0;0;0;0;0;0;0;0;
outputs_20251125_232845/out_1235.txt;0;0;0;0;0;0;0;0;0;
outputs_20251125_232845/out_1236.txt;0;0;0;0;0;0;0;0;0;
outputs_20251125_232845/out_1242.txt;0;0;0;0;0;0;0;0;0;
outputs_20251125_232845/out_1248.txt;0;0;0;1;0;0;0;0;0;
outputs_20251125_232845/out_1253.txt;0;0;0;0;0;0;0;0;0;
outputs_20251125_232845/out_1255.txt;0;0;0;0;0;0;0;0;0;
outputs_20251125_232845/out_1261.txt;0;0;0;0;0;0;0;0;0;
outputs_20251125_232845/out_1264.txt;0;0;0;0;0;0;0;0;0;
outputs_20251125_232845/out_1266.txt;0;0;0;0;0;0;0;0;0;
outputs_20251125_232845/out_1267.txt;0;0;0;0;0;0;0;0;0;
outputs_20251125_232845/out_1268.txt;0;0;0;0;0;0;0;0;0;
outputs_20251125_232845/out_1270.txt;0;0;0;0;0;0;0;0;0;
outputs_20251125_232845/out_1277.txt;0;0;0;0;0;0;0;0;0;
outputs_20251125_232845/out_1279.txt;0;0;0;0;0;0;0;0;0;
outputs_20251125_232845/out_1280.txt;0;0;0;0;0;0;0;0;0;
outputs_20251125_232845/out_1283.txt;0;0;0;0;0;0;0;0;0;
outputs_20251125_232845/out_1287.txt;0;0;0;0;0;0;0;0;0;
outputs_20251125_232845/out_1290.txt;0;0;0;0;0;0;0;0;0;
outputs_20251125_232845/out_1291.txt;0;0;0;0;0;0;0;0;0;
outputs_20251125_232845/out_1296.txt;0;0;0;0;0;0;0;0;0;
outputs_20251125_232845/out_1299.txt;0;0;0;1;0;0;0;0;0;
outputs_20251125_232845/out_1307.txt;0;0;0;0;0;0;0;0;0;
outputs_20251125_232845/out_1308.txt;0;0;0;0;0;0;0;0;0;
outputs_20251125_232845/out_1315.txt;0;0;0;0;0;0;0;0;0;
outputs_20251125_232845/out_1326.txt;0;0;0;1;0;0;0;0;0;
outputs_20251125_232845/out_1330.txt;0;0;0;0;0;0;0;0;0;
outputs_20251125_232845/out_1332.txt;0;0;0;1;0;0;0;0;0;
outputs_20251125_232845/out_1333.txt;0;0;0;0;0;0;0;0;0;
outputs_20251125_232845/out_1335.txt;0;0;0;0;0;0;0;0;0;
outputs_20251125_232845/out_1342.txt;0;0;0;0;0;0;0;0;0;
outputs_20251125_232845/out_1343.txt;0;0;0;0;0;0;0;0;0;
outputs_20251125_232845/out_1345.txt;0;0;0;0;0;0;0;0;0;
outputs_20251125_232845/out_1355.txt;0;0;0;1;0;0;0;0;0;
outputs_20251125_232845/out_1356.txt;0;0;0;0;0;0;0;0;1;
outputs_20251125_232845/out_1357.txt;0;0;0;0;0;0;0;0;0;
outputs_20251125_232845/out_1359.txt;0;0;0;1;0;0;0;0;0;
outputs_20251125_232845/out_1360.txt;0;0;0;0;0;0;0;0;0;
outputs_20251125_232845/out_1366.txt;0;0;0;1;0;0;0;0;0;
outputs_20251125_232845/out_1367.txt;0;0;0;0;0;0;0;0;0;
outputs_20251125_232845/out_1368.txt;0;0;0;0;0;0;0;0;0;
outputs_20251125_232845/out_1370.txt;0;0;0;0;0;0;0;0;0;
outputs_20251125_232845/out_1371.txt;0;0;0;0;0;0;0;0;0;
outputs_20251125_232845/out_1373.txt;0;0;0;0;0;0;0;0;0;
outputs_20251125_232845/out_1375.txt;0;0;0;0;0;0;0;0;0;
outputs_20251125_232845/out_1376.txt;0;0;0;0;0;0;0;0;0;
outputs_20251125_232845/out_1377.txt;0;0;0;0;0;0;0;0;0;
outputs_20251125_232845/out_1385.txt;0;0;0;0;0;0;0;0;0;
outputs_20251125_232845/out_1386.txt;0;0;0;0;0;0;0;0;0;
outputs_20251125_232845/out_1392.txt;0;0;0;0;0;0;0;0;0;
outputs_20251125_232845/out_1394.txt;0;0;0;1;0;0;0;0;0;
outputs_20251125_232845/out_1400.txt;0;0;0;0;0;0;0;0;0;
outputs_20251125_232845/out_1403.txt;0;0;0;0;0;0;0;0;0;
outputs_20251125_232845/out_1406.txt;0;0;0;0;0;0;0;0;0;
outputs_20251125_232845/out_1408.txt;0;0;0;0;0;0;0;0;0;
outputs_20251125_232845/out_1410.txt;0;0;0;0;0;0;0;0;0;
outputs_20251125_232845/out_1411.txt;0;0;0;0;0;0;0;0;0;
outputs_20251125_232845/out_1416.txt;0;0;0;0;0;0;0;0;0;
outputs_20251125_232845/out_1419.txt;0;0;0;1;0;1;0;0;0;
outputs_20251125_232845/out_1422.txt;0;0;0;0;0;0;0;0;0;
outputs_20251125_232845/out_1425.txt;0;0;0;1;0;0;0;0;0;
outputs_20251125_232845/out_1427.txt;0;0;0;0;0;0;0;0;0;
outputs_20251125_232845/out_1430.txt;0;0;0;0;0;0;0;0;0;
outputs_20251125_232845/out_1432.txt;0;0;0;0;0;0;0;0;0;
outputs_20251125_232845/out_1435.txt;0;0;0;0;0;0;0;0;0;
outputs_20251125_232845/out_1437.txt;0;0;0;0;0;0;0;0;0;
outputs_20251125_232845/out_1438.txt;0;0;0;0;0;0;0;0;0;
outputs_20251125_232845/out_1440.txt;0;0;0;0;0;0;0;0;0;
outputs_20251125_232845/out_1443.txt;0;0;0;0;0;0;0;0;0;
outputs_20251125_232845/out_1445.txt;0;0;0;0;0;0;0;0;0;
outputs_20251125_232845/out_1448.txt;0;0;0;0;0;0;0;0;0;
outputs_20251125_232845/out_1450.txt;0;0;0;0;0;0;0;0;0;
outputs_20251125_232845/out_1452.txt;0;0;0;0;0;0;0;0;0;
outputs_20251125_232845/out_1453.txt;0;0;0;0;0;0;0;0;0;
outputs_20251125_232845/out_1456.txt;0;0;0;1;0;0;0;0;0;
outputs_20251125_232845/out_1458.txt;0;0;0;0;0;0;0;0;0;
outputs_20251125_232845/out_1459.txt;0;0;0;0;0;0;0;0;0;
outputs_20251125_232845/out_1464.txt;0;0;0;0;0;0;0;0;0;
outputs_20251125_232845/out_1468.txt;0;0;0;0;0;0;0;0;0;
outputs_20251125_232845/out_1470.txt;0;0;0;0;0;0;0;0;0;
outputs_20251125_232845/out_1473.txt;0;0;0;1;0;1;0;0;0;
outputs_20251125_232845/out_1474.txt;0;0;0;0;0;0;0;0;0;
outputs_20251125_232845/out_1477.txt;0;0;0;0;0;0;0;0;0;
outputs_20251125_232845/out_1478.txt;0;0;0;0;0;0;0;0;0;
outputs_20251125_232845/out_1480.txt;0;0;0;0;0;0;0;0;0;
outputs_20251125_232845/out_1483.txt;0;0;0;0;0;0;0;0;0;
outputs_20251125_232845/out_1485.txt;0;0;0;0;0;0;0;0;0;
outputs_20251125_232845/out_1490.txt;0;0;0;0;0;0;0;0;0;
outputs_20251125_232845/out_1494.txt;0;0;0;0;0;0;0;0;0;
outputs_20251125_232845/out_1495.txt;0;0;0;0;0;0;0;0;0;
outputs_20251125_232845/out_1497.txt;0;0;0;1;0;0;0;0;0;
outputs_20251125_232845/out_1500.txt;0;0;0;0;0;0;0;0;0;
outputs_20251125_232845/out_1501.txt;0;0;0;1;0;0;0;0;0;
outputs_20251125_232845/out_1502.txt;0;0;0;1;0;0;0;0;0;
outputs_20251125_232845/out_1503.txt;0;0;0;1;0;0;0;0;0;
outputs_20251125_232845/out_1505.txt;0;0;0;0;0;0;0;0;0;
outputs_20251125_232845/out_1506.txt;0;0;0;0;0;0;0;0;0;
outputs_20251125_232845/out_1508.txt;0;0;0;0;0;0;0;0;0;
outputs_20251125_232845/out_1511.txt;0;0;0;1;0;0;0;0;0;
outputs_20251125_232845/out_1512.txt;0;0;0;0;0;0;0;0;0;
outputs_20251125_232845/out_1516.txt;0;0;0;1;0;0;0;0;0;
outputs_20251125_232845/out_1517.txt;0;0;0;0;0;0;0;0;0;
outputs_20251125_232845/out_1522.txt;0;0;0;0;0;0;0;0;0;
outputs_20251125_232845/out_1527.txt;0;0;0;1;0;0;0;0;0;
outputs_20251125_232845/out_1529.txt;0;0;0;0;0;0;0;0;0;
outputs_20251125_232845/out_1530.txt;0;0;0;0;0;0;0;0;0;
outputs_20251125_232845/out_1532.txt;0;0;0;0;0;0;0;0;0;
outputs_20251125_232845/out_1537.txt;0;0;0;0;0;0;0;0;0;
outputs_20251125_232845/out_1538.txt;0;0;0;0;0;0;0;0;0;
outputs_20251125_232845/out_1540.txt;0;0;0;0;0;0;0;0;0;
outputs_20251125_232845/out_1543.txt;0;0;0;0;0;0;0;0;0;
outputs_20251125_232845/out_1546.txt;0;0;0;0;0;0;0;0;0;
outputs_20251125_232845/out_1549.txt;0;0;0;0;0;0;0;0;0;
outputs_20251125_232845/out_1550.txt;0;0;0;0;0;0;0;0;0;
outputs_20251125_232845/out_1552.txt;0;0;0;0;0;0;0;0;0;
outputs_20251125_232845/out_1556.txt;0;0;0;0;0;0;0;0;0;
outputs_20251125_232845/out_1559.txt;0;0;0;0;0;0;0;0;0;
outputs_20251125_232845/out_1568.txt;0;0;0;0;0;0;0;0;0;
outputs_20251125_232845/out_1569.txt;0;0;0;1;0;0;0;0;0;
outputs_20251125_232845/out_1574.txt;0;0;0;0;0;0;0;0;0;
outputs_20251125_232845/out_1580.txt;0;0;0;0;0;0;0;0;0;
outputs_20251125_232845/out_1581.txt;0;0;0;0;0;0;0;0;0;
outputs_20251125_232845/out_1584.txt;0;0;0;0;0;0;0;0;0;
outputs_20251125_232845/out_1586.txt;0;0;0;0;0;0;0;0;0;
outputs_20251125_232845/out_1589.txt;0;0;0;1;0;0;0;0;0;
outputs_20251125_232845/out_1590.txt;0;0;0;0;0;0;0;0;0;
outputs_20251125_232845/out_1591.txt;0;0;0;1;0;0;0;0;0;
outputs_20251125_232845/out_1592.txt;0;0;0;0;0;0;0;0;0;
outputs_20251125_232845/out_1593.txt;0;0;0;1;0;0;0;0;0;
outputs_20251125_232845/out_1595.txt;0;0;0;0;0;0;0;0;0;
outputs_20251125_232845/out_1598.txt;0;0;0;0;0;0;0;0;0;
outputs_20251125_232845/out_1599.txt;0;0;0;0;0;0;0;0;0;
outputs_20251125_232845/out_1600.txt;0;0;0;0;0;0;0;0;0;
outputs_20251125_232845/out_1604.txt;0;0;0;0;0;0;0;0;0;
outputs_20251125_232845/out_1606.txt;0;0;0;0;0;0;0;0;0;
outputs_20251125_232845/out_1615.txt;0;0;0;0;0;0;0;0;0;
outputs_20251125_232845/out_1616.txt;0;0;0;0;0;0;0;0;0;
outputs_20251125_232845/out_1618.txt;0;0;0;0;0;0;0;0;0;
outputs_20251125_232845/out_1619.txt;0;0;0;0;0;0;0;0;0;
outputs_20251125_232845/out_1622.txt;0;0;0;0;0;0;0;0;0;
outputs_20251125_232845/out_1623.txt;0;0;0;0;0;0;0;0;0;
outputs_20251125_232845/out_1625.txt;0;0;0;0;0;0;0;0;0;
outputs_20251125_232845/out_1628.txt;0;0;0;0;0;0;0;0;0;
outputs_20251125_232845/out_1629.txt;0;0;0;0;0;0;0;0;0;
outputs_20251125_232845/out_1638.txt;0;0;0;0;0;0;0;0;0;
outputs_20251125_232845/out_1639.txt;0;0;0;0;0;0;0;0;0;
outputs_20251125_232845/out_1641.txt;0;0;0;0;0;0;0;0;0;
outputs_20251125_232845/out_1643.txt;0;0;0;1;0;0;0;0;0;
outputs_20251125_232845/out_1644.txt;0;0;0;0;0;0;0;0;0;
outputs_20251125_232845/out_1645.txt;0;0;0;0;0;0;0;0;0;
outputs_20251125_232845/out_1646.txt;0;0;0;0;0;0;0;0;0;
outputs_20251125_232845/out_1647.txt;0;0;0;0;0;0;0;0;0;
outputs_20251125_232845/out_1648.txt;0;0;0;0;0;0;0;0;0;
outputs_20251125_232845/out_1651.txt;0;0;0;1;0;0;0;0;0;
outputs_20251125_232845/out_1656.txt;0;0;0;0;0;0;0;0;0;
outputs_20251125_232845/out_1657.txt;0;0;0;0;0;0;0;0;0;
outputs_20251125_232845/out_1660.txt;0;0;0;0;0;0;0;0;0;
outputs_20251125_232845/out_1663.txt;0;0;0;1;0;0;0;0;0;
outputs_20251125_232845/out_1664.txt;0;0;0;1;0;0;0;0;0;
outputs_20251125_232845/out_1665.txt;0;0;0;1;0;0;0;0;0;
outputs_20251125_232845/out_1666.txt;0;0;0;0;0;0;0;0;0;
outputs_20251125_232845/out_1667.txt;0;0;0;0;0;0;0;0;0;
outputs_20251125_232845/out_1668.txt;0;0;0;0;0;0;0;0;0;
outputs_20251125_232845/out_1669.txt;0;0;0;0;0;0;0;0;0;
outputs_20251125_232845/out_1672.txt;0;0;0;0;0;0;0;0;0;
outputs_20251125_232845/out_1684.txt;0;0;0;0;0;0;0;0;0;
outputs_20251125_232845/out_1688.txt;0;0;0;0;0;0;0;0;0;
outputs_20251125_232845/out_1691.txt;0;0;0;0;0;0;0;0;0;
outputs_20251125_232845/out_1692.txt;0;0;0;0;0;0;0;0;0;
outputs_20251125_232845/out_1694.txt;0;0;0;0;0;0;0;0;0;
outputs_20251125_232845/out_1696.txt;0;0;0;0;0;0;0;0;0;
outputs_20251125_232845/out_1701.txt;0;0;0;0;0;0;0;0;0;
outputs_20251125_232845/out_1706.txt;0;0;0;1;0;0;0;0;0;
outputs_20251125_232845/out_1707.txt;0;0;0;0;0;0;0;0;0;
outputs_20251125_232845/out_1709.txt;0;0;0;0;0;0;0;0;0;
outputs_20251125_232845/out_1715.txt;0;0;0;0;0;0;0;0;0;
outputs_20251125_232845/out_1716.txt;0;0;0;0;0;0;0;0;0;
outputs_20251125_232845/out_1717.txt;0;0;0;0;0;0;0;0;0;
outputs_20251125_232845/out_1722.txt;0;0;0;0;0;0;0;0;0;
outputs_20251125_232845/out_1726.txt;0;0;0;1;0;0;0;0;0;
outputs_20251125_232845/out_1727.txt;0;0;0;0;0;1;0;0;0;
outputs_20251125_232845/out_1729.txt;0;0;0;0;0;0;0;0;0;
outputs_20251125_232845/out_1730.txt;0;0;0;0;0;0;0;0;0;
outputs_20251125_232845/out_1733.txt;0;0;0;0;0;0;0;0;0;
outputs_20251125_232845/out_1734.txt;0;0;0;1;0;0;0;0;0;
outputs_20251125_232845/out_1737.txt;0;0;0;0;0;0;0;0;0;
outputs_20251125_232845/out_1739.txt;0;0;0;0;0;0;0;0;0;
outputs_20251125_232845/out_1745.txt;0;0;0;1;0;0;0;0;0;
outputs_20251125_232845/out_1747.txt;0;0;0;0;0;0;0;0;0;
outputs_20251125_232845/out_1750.txt;0;0;0;1;0;0;0;0;0;
outputs_20251125_232845/out_1754.txt;0;0;0;1;0;0;0;0;0;
outputs_20251125_232845/out_1755.txt;0;0;0;0;0;0;0;0;0;
outputs_20251125_232845/out_1757.txt;0;0;0;0;0;0;0;0;0;
outputs_20251125_232845/out_1758.txt;0;0;0;0;0;0;0;0;0;
outputs_20251125_232845/out_1759.txt;0;0;0;0;0;0;0;0;0;
outputs_20251125_232845/out_1765.txt;0;0;0;0;0;0;0;0;0;
outputs_20251125_232845/out_1769.txt;0;0;0;0;0;0;0;0;0;
outputs_20251125_232845/out_1770.txt;0;0;0;0;0;0;0;0;0;
outputs_20251125_232845/out_1771.txt;0;0;0;0;0;0;0;0;0;
outputs_20251125_232845/out_1773.txt;0;0;0;0;0;0;0;0;0;
outputs_20251125_232845/out_1774.txt;0;0;0;0;0;0;0;0;0;
outputs_20251125_232845/out_1778.txt;0;0;0;0;0;0;0;0;0;
outputs_20251125_232845/out_1779.txt;0;0;0;0;0;0;0;0;0;
outputs_20251125_232845/out_1780.txt;0;0;0;0;0;0;0;0;0;
outputs_20251125_232845/out_1785.txt;0;0;0;0;0;0;0;0;0;
outputs_20251125_232845/out_1788.txt;0;0;0;0;0;0;0;0;0;
outputs_20251125_232845/out_1790.txt;0;0;0;0;0;0;0;0;0;
outputs_20251125_232845/out_1794.txt;0;0;0;0;0;0;0;0;0;
outputs_20251125_232845/out_1797.txt;0;0;0;0;0;0;0;0;0;
outputs_20251125_232845/out_1800.txt;0;0;0;1;0;0;0;0;0;
outputs_20251125_232845/out_1801.txt;0;0;0;0;0;0;0;0;0;
outputs_20251125_232845/out_1802.txt;0;0;0;0;0;0;0;0;0;
outputs_20251125_232845/out_1804.txt;0;0;0;0;0;0;0;0;0;
outputs_20251125_232845/out_1811.txt;0;0;0;0;0;0;0;0;0;
outputs_20251125_232845/out_1812.txt;0;0;0;0;0;0;0;0;0;
outputs_20251125_232845/out_1814.txt;0;0;0;0;0;0;0;0;0;
outputs_20251125_232845/out_1816.txt;0;0;0;0;0;0;0;0;0;
outputs_20251125_232845/out_1823.txt;0;0;0;0;0;0;0;0;0;
outputs_20251125_232845/out_1825.txt;0;0;0;0;0;0;0;0;0;
outputs_20251125_232845/out_1827.txt;0;0;0;0;0;0;0;0;0;
outputs_20251125_232845/out_1828.txt;0;0;0;0;0;0;0;0;0;
outputs_20251125_232845/out_1829.txt;0;0;0;0;0;0;0;0;0;
outputs_20251125_232845/out_1830.txt;0;0;0;0;0;0;0;0;0;
outputs_20251125_232845/out_1833.txt;0;0;0;1;0;0;0;0;0;
outputs_20251125_232845/out_1839.txt;0;0;0;0;0;0;0;0;0;
outputs_20251125_232845/out_1846.txt;0;0;0;0;0;0;0;0;0;
outputs_20251125_232845/out_1848.txt;0;0;0;0;0;0;0;0;0;
outputs_20251125_232845/out_1849.txt;0;0;0;0;0;0;0;0;0;
outputs_20251125_232845/out_1850.txt;0;0;0;1;0;1;0;0;0;
outputs_20251125_232845/out_1851.txt;0;0;0;0;0;0;0;0;0;
outputs_20251125_232845/out_1853.txt;0;0;0;0;0;0;0;0;0;
outputs_20251125_232845/out_1855.txt;0;0;0;1;0;0;0;0;0;
outputs_20251125_232845/out_1857.txt;0;0;0;0;0;0;0;0;0;
outputs_20251125_232845/out_1858.txt;0;0;0;0;0;0;0;0;0;
outputs_20251125_232845/out_1861.txt;0;0;0;0;0;0;0;0;0;
outputs_20251125_232845/out_1863.txt;0;0;0;0;0;0;0;0;0;
outputs_20251125_232845/out_1866.txt;0;0;0;0;0;0;0;0;0;
outputs_20251125_232845/out_1868.txt;0;0;0;1;0;0;0;0;0;
outputs_20251125_232845/out_1869.txt;0;0;0;0;0;0;0;0;0;
outputs_20251125_232845/out_1871.txt;0;0;0;0;0;0;0;0;0;
outputs_20251125_232845/out_1873.txt;0;0;0;0;0;1;0;0;0;
outputs_20251125_232845/out_1874.txt;0;0;0;0;0;0;0;0;0;
outputs_20251125_232845/out_1875.txt;0;0;0;0;0;0;0;0;0;
outputs_20251125_232845/out_1877.txt;0;0;0;0;0;0;0;0;0;
outputs_20251125_232845/out_1878.txt;0;0;0;0;0;0;0;0;0;
outputs_20251125_232845/out_1885.txt;0;0;0;0;0;0;0;0;0;
outputs_20251125_232845/out_1886.txt;0;0;0;0;0;0;0;0;0;
outputs_20251125_232845/out_1887.txt;0;0;0;0;0;0;0;0;0;
outputs_20251125_232845/out_1892.txt;0;0;0;0;0;0;0;0;0;
outputs_20251125_232845/out_1893.txt;0;0;0;0;0;0;0;0;0;
outputs_20251125_232845/out_1894.txt;0;0;0;0;0;0;0;0;0;
outputs_20251125_232845/out_1895.txt;0;0;0;0;0;0;0;0;0;
outputs_20251125_232845/out_1899.txt;0;0;0;1;0;0;0;0;0;
outputs_20251125_232845/out_1900.txt;0;0;0;0;0;0;0;0;0;
outputs_20251125_232845/out_1901.txt;0;0;0;0;0;0;0;0;0;
outputs_20251125_232845/out_1904.txt;0;0;0;0;0;0;0;0;0;
outputs_20251125_232845/out_1907.txt;0;0;0;0;0;0;0;0;0;
outputs_20251125_232845/out_1908.txt;0;0;0;0;0;0;0;0;0;
outputs_20251125_232845/out_1909.txt;0;0;0;1;0;0;0;0;0;
outputs_20251125_232845/out_1910.txt;0;0;0;0;0;0;0;0;0;
outputs_20251125_232845/out_1913.txt;0;0;0;0;0;0;0;0;0;
outputs_20251125_232845/out_1916.txt;0;0;0;0;0;0;0;0;0;
outputs_20251125_232845/out_1922.txt;0;0;0;0;0;0;0;0;0;
outputs_20251125_232845/out_1923.txt;0;0;0;1;0;0;0;0;0;
outputs_20251125_232845/out_1929.txt;0;0;0;0;0;0;0;0;0;
outputs_20251125_232845/out_1930.txt;0;0;0;0;0;0;0;0;0;
outputs_20251125_232845/out_1937.txt;0;0;0;0;0;0;0;0;0;
outputs_20251125_232845/out_1938.txt;0;0;0;0;0;0;0;0;0;
outputs_20251125_232845/out_1939.txt;0;0;0;0;0;0;0;0;0;
outputs_20251125_232845/out_1941.txt;0;0;0;0;0;0;0;0;0;
outputs_20251125_232845/out_1943.txt;0;0;0;0;0;0;0;0;0;
outputs_20251125_232845/out_1947.txt;0;0;0;1;0;1;0;0;0;
outputs_20251125_232845/out_1949.txt;0;0;0;0;0;0;0;0;0;
outputs_20251125_232845/out_1951.txt;0;0;0;0;0;0;0;0;0;
outputs_20251125_232845/out_1953.txt;0;0;0;0;0;0;0;0;0;
outputs_20251125_232845/out_1954.txt;0;0;0;0;0;0;0;0;0;
outputs_20251125_232845/out_1955.txt;0;0;0;0;0;0;0;0;0;
outputs_20251125_232845/out_1958.txt;0;0;0;0;0;0;0;0;0;
outputs_20251125_232845/out_1960.txt;0;0;0;0;0;0;0;0;0;
outputs_20251125_232845/out_1961.txt;0;0;0;0;0;0;0;0;0;
outputs_20251125_232845/out_1963.txt;0;0;0;0;0;0;0;0;0;
outputs_20251125_232845/out_1966.txt;0;0;0;1;0;0;0;0;0;
outputs_20251125_232845/out_1970.txt;0;0;0;1;0;0;0;0;0;
outputs_20251125_232845/out_1971.txt;0;0;0;1;0;0;0;0;0;
outputs_20251125_232845/out_1972.txt;0;0;0;0;0;0;0;0;0;
outputs_20251125_232845/out_1973.txt;0;0;0;0;0;0;0;0;0;
outputs_20251125_232845/out_1976.txt;0;0;0;0;0;0;0;0;0;
outputs_20251125_232845/out_1979.txt;0;0;0;1;0;0;0;0;0;
outputs_20251125_232845/out_1980.txt;0;0;0;0;0;0;0;0;0;
outputs_20251125_232845/out_1983.txt;0;0;0;0;0;0;0;0;0;
outputs_20251125_232845/out_1984.txt;0;0;0;1;0;0;0;0;0;
outputs_20251125_232845/out_1986.txt;0;0;0;0;0;0;0;0;0;
outputs_20251125_232845/out_1989.txt;0;0;0;0;0;0;0;0;0;
outputs_20251125_232845/out_1993.txt;0;0;0;0;0;0;0;0;0;
outputs_20251125_232845/out_1995.txt;0;0;0;1;0;0;0;0;0;
outputs_20251125_232845/out_1996.txt;0;0;0;1;0;1;0;0;0;
outputs_20251125_232845/out_2001.txt;0;0;0;0;0;0;0;0;0;
outputs_20251125_232845/out_2002.txt;0;0;0;0;0;0;0;0;0;
outputs_20251125_232845/out_2003.txt;0;0;0;0;0;0;0;0;0;
outputs_20251125_232845/out_2005.txt;0;0;0;0;0;0;0;0;0;
outputs_20251125_232845/out_2007.txt;0;0;0;1;0;0;0;0;0;
outputs_20251125_232845/out_2014.txt;0;0;0;1;0;0;0;0;0;
outputs_20251125_232845/out_2016.txt;0;0;0;0;0;0;0;0;0;
outputs_20251125_232845/out_2017.txt;0;0;0;0;0;0;0;0;0;
outputs_20251125_232845/out_2027.txt;0;0;0;1;0;0;0;0;0;
outputs_20251125_232845/out_2028.txt;0;0;0;0;0;0;0;0;0;
outputs_20251125_232845/out_2032.txt;0;0;0;0;0;0;0;0;0;
outputs_20251125_232845/out_2033.txt;0;0;0;0;0;0;0;0;0;
outputs_20251125_232845/out_2034.txt;0;0;0;0;0;0;0;0;0;
outputs_20251125_232845/out_2038.txt;0;0;0;0;0;0;0;0;0;
outputs_20251125_232845/out_2039.txt;0;0;0;0;0;0;0;0;0;
outputs_20251125_232845/out_2042.txt;0;0;0;0;0;0;0;0;0;
outputs_20251125_232845/out_2044.txt;0;0;0;1;0;1;0;0;0;
outputs_20251125_232845/out_2046.txt;0;0;0;0;0;0;0;0;0;
outputs_20251125_232845/out_2048.txt;0;0;0;0;0;0;0;0;0;
outputs_20251125_232845/out_2050.txt;0;0;0;0;0;0;0;0;0;
outputs_20251125_232845/out_2054.txt;0;0;0;0;0;0;0;0;0;
outputs_20251125_232845/out_2055.txt;0;0;0;0;0;0;0;0;0;
outputs_20251125_232845/out_2057.txt;0;0;0;0;0;0;0;0;0;
outputs_20251125_232845/out_2060.txt;0;0;0;0;0;0;0;0;0;
outputs_20251125_232845/out_2067.txt;0;0;0;0;0;0;0;0;0;
outputs_20251125_232845/out_2068.txt;0;0;0;0;0;0;0;0;0;
outputs_20251125_232845/out_2070.txt;0;0;0;0;0;0;0;0;0;
outputs_20251125_232845/out_2071.txt;0;0;0;0;0;0;0;0;0;
outputs_20251125_232845/out_2075.txt;0;0;0;0;0;0;0;0;0;
outputs_20251125_232845/out_2078.txt;0;0;0;0;0;0;0;0;0;
outputs_20251125_232845/out_2081.txt;0;0;0;0;0;0;0;0;0;
outputs_20251125_232845/out_2091.txt;0;0;0;1;0;0;0;0;0;
outputs_20251125_232845/out_2093.txt;0;0;0;0;0;0;0;0;0;
outputs_20251125_232845/out_2094.txt;0;0;0;0;0;0;0;0;0;
outputs_20251125_232845/out_2097.txt;0;0;0;0;0;0;0;0;0;
outputs_20251125_232845/out_2099.txt;0;0;0;0;0;0;0;0;0;
outputs_20251125_232845/out_2100.txt;0;0;0;0;0;0;0;0;0;
outputs_20251125_232845/out_2101.txt;0;0;0;0;0;0;0;0;0;
outputs_20251125_232845/out_2105.txt;0;0;0;1;0;0;0;0;0;
outputs_20251125_232845/out_2110.txt;0;0;0;0;0;0;0;0;0;
outputs_20251125_232845/out_2111.txt;0;0;0;0;0;0;0;0;0;
outputs_20251125_232845/out_2115.txt;0;0;0;0;0;0;0;0;0;
outputs_20251125_232845/out_2116.txt;0;0;0;0;0;0;0;0;0;
outputs_20251125_232845/out_2119.txt;0;0;0;0;0;0;0;0;0;
outputs_20251125_232845/out_2120.txt;0;0;0;0;0;0;0;0;0;
outputs_20251125_232845/out_2122.txt;0;0;0;0;0;0;0;0;0;
outputs_20251125_232845/out_2123.txt;0;0;0;0;0;0;0;0;0;
outputs_20251125_232845/out_2126.txt;0;0;0;0;0;0;0;0;0;
outputs_20251125_232845/out_2129.txt;0;0;0;1;0;0;0;0;0;
outputs_20251125_232845/out_2130.txt;0;0;0;0;0;0;0;0;0;
outputs_20251125_232845/out_2136.txt;0;0;0;0;0;0;0;0;0;
outputs_20251125_232845/out_2139.txt;0;0;0;0;0;0;0;0;0;
outputs_20251125_232845/out_2144.txt;0;0;0;0;0;0;0;0;0;
outputs_20251125_232845/out_2145.txt;0;0;0;0;0;0;0;0;0;
outputs_20251125_232845/out_2147.txt;0;0;0;0;0;0;0;0;0;
outputs_20251125_232845/out_2151.txt;0;0;0;0;0;0;0;0;0;
outputs_20251125_232845/out_2152.txt;0;0;0;0;0;0;0;0;0;
outputs_20251125_232845/out_2153.txt;0;0;0;0;0;0;0;0;0;
outputs_20251125_232845/out_2156.txt;0;0;0;1;0;0;0;0;0;
outputs_20251125_232845/out_2158.txt;0;0;0;1;0;1;0;0;0;
outputs_20251125_232845/out_2161.txt;0;0;0;0;0;0;0;0;0;
outputs_20251125_232845/out_2162.txt;0;0;0;0;0;0;0;0;0;
outputs_20251125_232845/out_2164.txt;0;0;0;0;0;0;0;0;0;
outputs_20251125_232845/out_2167.txt;0;0;0;0;0;0;0;0;0;
outputs_20251125_232845/out_2171.txt;0;0;0;0;0;0;0;0;0;
outputs_20251125_232845/out_2173.txt;0;0;0;0;0;0;0;0;0;
outputs_20251125_232845/out_2176.txt;0;0;0;1;0;0;0;0;0;
outputs_20251125_232845/out_2179.txt;0;0;0;1;0;0;0;0;0;
outputs_20251125_232845/out_2180.txt;0;0;0;0;0;0;0;0;0;
outputs_20251125_232845/out_2182.txt;0;0;0;0;0;0;0;0;0;
outputs_20251125_232845/out_2188.txt;0;0;0;0;0;0;0;0;0;
outputs_20251125_232845/out_2190.txt;0;0;0;0;0;0;0;0;0;
outputs_20251125_232845/out_2191.txt;0;0;0;0;0;0;0;0;0;
outputs_20251125_232845/out_2192.txt;0;0;0;0;0;0;0;0;0;
outputs_20251125_232845/out_2196.txt;0;0;0;0;0;0;0;0;0;
outputs_20251125_232845/out_2198.txt;0;0;0;0;0;0;0;0;0;
outputs_20251125_232845/out_2200.txt;0;0;0;0;0;0;0;0;0;
outputs_20251125_232845/out_2201.txt;0;0;0;0;0;0;0;0;0;
outputs_20251125_232845/out_2204.txt;0;0;0;0;0;0;0;0;0;
outputs_20251125_232845/out_2206.txt;0;0;0;0;0;0;0;0;0;
outputs_20251125_232845/out_2207.txt;0;0;0;1;0;0;0;0;0;
outputs_20251125_232845/out_2214.txt;0;0;0;0;0;0;0;0;0;
outputs_20251125_232845/out_2215.txt;0;0;0;0;0;0;0;0;0;
outputs_20251125_232845/out_2216.txt;0;0;0;0;0;0;0;0;0;
outputs_20251125_232845/out_2218.txt;0;0;0;0;0;0;0;0;0;
outputs_20251125_232845/out_2220.txt;0;0;0;0;0;0;0;0;0;
outputs_20251125_232845/out_2222.txt;0;0;0;0;0;0;0;0;0;
outputs_20251125_232845/out_2223.txt;0;0;0;0;0;0;0;0;0;
outputs_20251125_232845/out_2230.txt;0;0;0;0;0;0;0;0;0;
outputs_20251125_232845/out_2237.txt;0;0;0;0;0;0;0;0;0;
outputs_20251125_232845/out_2239.txt;0;0;0;0;0;0;0;0;0;
outputs_20251125_232845/out_2242.txt;0;0;0;0;0;0;0;0;0;
outputs_20251125_232845/out_2243.txt;0;0;0;0;0;0;0;0;0;
outputs_20251125_232845/out_2253.txt;0;0;0;0;0;0;0;0;0;
outputs_20251125_232845/out_2256.txt;0;0;0;1;0;0;0;0;0;
outputs_20251125_232845/out_2257.txt;0;0;0;0;0;0;0;0;0;
outputs_20251125_232845/out_2262.txt;0;0;0;0;0;0;0;0;0;
outputs_20251125_232845/out_2263.txt;0;0;0;1;0;0;0;0;0;
outputs_20251125_232845/out_2264.txt;0;0;0;0;0;0;0;0;0;
outputs_20251125_232845/out_2266.txt;0;0;0;0;0;0;0;0;0;
outputs_20251125_232845/out_2268.txt;0;0;0;0;0;0;0;0;0;
outputs_20251125_232845/out_2269.txt;0;0;0;0;0;0;0;0;0;
outputs_20251125_232845/out_2270.txt;0;0;0;0;0;0;0;0;0;
outputs_20251125_232845/out_2275.txt;0;0;0;1;0;0;0;0;0;
outputs_20251125_232845/out_2278.txt;0;0;0;1;0;1;0;0;0;
outputs_20251125_232845/out_2281.txt;0;0;0;0;0;0;0;0;0;
outputs_20251125_232845/out_2282.txt;0;0;0;0;0;0;0;0;0;
outputs_20251125_232845/out_2283.txt;0;0;0;0;0;0;0;0;0;
outputs_20251125_232845/out_2286.txt;0;0;0;0;0;0;0;0;0;
outputs_20251125_232845/out_2288.txt;0;0;0;0;0;0;0;0;0;
outputs_20251125_232845/out_2290.txt;0;0;0;0;0;1;0;0;0;
outputs_20251125_232845/out_2292.txt;0;0;0;0;0;0;0;0;0;
outputs_20251125_232845/out_2293.txt;0;0;0;1;0;0;0;0;0;
outputs_20251125_232845/out_2295.txt;0;0;0;0;0;0;0;0;0;
outputs_20251125_232845/out_2296.txt;0;0;0;0;0;0;0;0;0;
outputs_20251125_232845/out_2297.txt;0;0;0;0;0;0;0;0;0;
outputs_20251125_232845/out_2300.txt;0;0;0;0;0;0;0;0;0;
outputs_20251125_232845/out_2302.txt;0;0;0;1;0;0;0;0;0;
outputs_20251125_232845/out_2304.txt;0;0;0;0;0;0;0;0;0;
outputs_20251125_232845/out_2308.txt;0;0;0;0;0;0;0;0;0;
outputs_20251125_232845/out_2312.txt;0;0;0;0;0;0;0;0;0;
outputs_20251125_232845/out_2313.txt;0;0;0;0;0;0;0;0;0;
outputs_20251125_232845/out_2315.txt;0;0;0;0;0;0;0;0;0;
outputs_20251125_232845/out_2319.txt;0;0;0;0;0;0;0;0;0;
outputs_20251125_232845/out_2322.txt;0;0;0;0;0;0;0;0;0;
outputs_20251125_232845/out_2324.txt;0;0;0;0;0;0;0;0;0;
outputs_20251125_232845/out_2327.txt;0;0;0;0;0;0;0;0;0;
outputs_20251125_232845/out_2328.txt;0;0;0;1;0;1;0;0;0;
outputs_20251125_232845/out_2329.txt;0;0;0;0;0;0;0;0;0;
outputs_20251125_232845/out_2330.txt;0;0;0;1;0;0;0;0;0;
outputs_20251125_232845/out_2338.txt;0;0;0;1;0;0;0;0;0;
outputs_20251125_232845/out_2341.txt;0;0;0;1;0;1;0;0;0;
outputs_20251125_232845/out_2342.txt;0;0;0;0;0;0;0;0;0;
outputs_20251125_232845/out_2343.txt;0;0;0;0;0;0;0;0;0;
outputs_20251125_232845/out_2348.txt;0;0;0;1;0;0;0;0;0;
outputs_20251125_232845/out_2349.txt;0;0;0;0;0;0;0;0;0;
outputs_20251125_232845/out_2351.txt;0;0;0;0;0;0;0;0;0;
outputs_20251125_232845/out_2353.txt;0;0;0;0;0;0;0;0;0;
outputs_20251125_232845/out_2355.txt;0;0;0;1;0;0;0;0;0;
outputs_20251125_232845/out_2367.txt;0;0;0;1;0;0;0;0;0;
outputs_20251125_232845/out_2370.txt;0;0;0;0;0;0;0;0;0;
outputs_20251125_232845/out_2376.txt;0;0;0;0;0;0;0;0;0;
outputs_20251125_232845/out_2381.txt;0;0;0;0;0;0;0;0;0;
outputs_20251125_232845/out_2383.txt;0;0;0;1;0;0;0;0;0;
outputs_20251125_232845/out_2386.txt;0;0;0;0;0;0;0;0;0;
outputs_20251125_232845/out_2387.txt;0;0;0;0;0;0;0;0;0;
outputs_20251125_232845/out_2388.txt;0;0;0;0;0;0;0;0;0;
outputs_20251125_232845/out_2390.txt;0;0;0;0;0;0;0;0;0;
outputs_20251125_232845/out_2391.txt;0;0;0;0;0;0;0;0;0;
outputs_20251125_232845/out_2394.txt;0;0;0;0;0;0;0;0;0;
outputs_20251125_232845/out_2398.txt;0;0;0;0;0;0;0;0;0;
outputs_20251125_232845/out_2400.txt;0;0;0;1;0;0;0;0;0;
outputs_20251125_232845/out_2403.txt;0;0;0;0;0;0;0;0;0;
outputs_20251125_232845/out_2412.txt;0;0;0;0;0;0;0;0;0;
outputs_20251125_232845/out_2417.txt;0;0;0;0;0;0;0;0;0;
outputs_20251125_232845/out_2418.txt;0;0;0;0;0;0;0;0;0;
outputs_20251125_232845/out_2420.txt;0;0;0;0;0;0;0;0;0;
outputs_20251125_232845/out_2421.txt;0;0;0;1;0;0;0;0;0;
outputs_20251125_232845/out_2424.txt;0;0;0;0;0;0;0;0;0;
outputs_20251125_232845/out_2428.txt;0;0;0;0;0;0;0;0;0;
outputs_20251125_232845/out_2434.txt;0;0;0;0;0;0;0;0;0;
outputs_20251125_232845/out_2436.txt;0;0;0;0;0;0;0;0;0;
outputs_20251125_232845/out_2439.txt;0;0;0;0;0;0;0;0;0;
outputs_20251125_232845/out_2444.txt;0;0;0;0;0;0;0;0;0;
outputs_20251125_232845/out_2447.txt;0;0;0;0;0;0;0;0;0;
outputs_20251125_232845/out_2449.txt;0;0;0;0;0;0;0;0;0;
outputs_20251125_232845/out_2452.txt;0;0;0;0;0;0;0;0;0;
outputs_20251125_232845/out_2455.txt;0;0;0;0;0;0;0;0;0;
outputs_20251125_232845/out_2457.txt;0;0;0;1;0;0;0;0;0;
outputs_20251125_232845/out_2458.txt;0;0;0;1;0;0;0;0;0;
outputs_20251125_232845/out_2464.txt;0;0;0;0;0;0;0;0;0;
outputs_20251125_232845/out_2465.txt;0;0;0;0;0;0;0;0;0;
outputs_20251125_232845/out_2472.txt;0;0;0;0;0;0;0;0;0;
outputs_20251125_232845/out_2473.txt;0;0;0;0;0;0;0;0;0;
outputs_20251125_232845/out_2474.txt;0;0;0;1;0;0;0;0;0;
outputs_20251125_232845/out_2477.txt;0;0;0;0;0;0;0;0;0;
outputs_20251125_232845/out_2478.txt;0;0;0;0;0;0;0;0;0;
outputs_20251125_232845/out_2479.txt;0;0;0;1;0;0;0;0;0;
outputs_20251125_232845/out_2480.txt;0;0;0;0;0;0;0;0;0;
outputs_20251125_232845/out_2481.txt;0;0;0;0;0;0;0;0;0;
outputs_20251125_232845/out_2482.txt;0;0;0;1;0;0;0;0;0;
outputs_20251125_232845/out_2483.txt;0;0;0;0;0;0;0;0;0;
outputs_20251125_232845/out_2487.txt;0;0;0;1;0;0;0;0;0;
outputs_20251125_232845/out_2488.txt;0;0;0;0;0;0;0;0;0;
outputs_20251125_232845/out_2489.txt;0;0;0;0;0;0;0;0;0;
outputs_20251125_232845/out_2492.txt;0;0;0;0;0;0;0;0;0;
outputs_20251125_232845/out_2493.txt;0;0;0;1;0;0;0;0;0;
outputs_20251125_232845/out_2494.txt;0;0;0;0;0;0;0;0;0;
outputs_20251125_232845/out_2496.txt;0;0;0;0;0;0;0;0;0;
outputs_20251125_232845/out_2497.txt;0;0;0;0;0;0;0;0;0;
outputs_20251125_232845/out_2498.txt;0;0;0;1;0;0;0;0;0;
outputs_20251125_232845/out_2500.txt;0;0;0;0;0;0;0;0;0;
outputs_20251125_232845/out_2501.txt;0;0;0;0;0;0;0;0;0;
outputs_20251125_232845/out_2502.txt;0;0;0;0;0;0;0;0;0;
outputs_20251125_232845/out_2507.txt;0;0;0;0;0;0;0;0;0;
outputs_20251125_232845/out_2511.txt;0;0;0;1;0;0;0;0;0;
outputs_20251125_232845/out_2521.txt;0;0;0;0;0;0;0;0;0;
outputs_20251125_232845/out_2523.txt;0;0;0;0;0;0;0;0;0;
outputs_20251125_232845/out_2524.txt;0;0;0;0;0;0;0;0;1;
outputs_20251125_232845/out_2527.txt;0;0;0;0;0;0;0;0;0;
outputs_20251125_232845/out_2530.txt;0;0;0;0;0;0;0;0;0;
outputs_20251125_232845/out_2531.txt;0;0;0;0;0;0;0;0;0;
outputs_20251125_232845/out_2535.txt;0;0;0;0;0;0;0;0;0;
outputs_20251125_232845/out_2543.txt;0;0;0;0;0;0;0;0;0;
outputs_20251125_232845/out_2545.txt;0;0;0;0;0;0;0;0;0;
outputs_20251125_232845/out_2548.txt;0;0;0;0;0;0;0;0;0;
outputs_20251125_232845/out_2549.txt;0;0;0;0;0;0;0;0;0;
outputs_20251125_232845/out_2550.txt;0;0;0;0;0;0;0;0;0;
outputs_20251125_232845/out_2551.txt;0;0;0;1;0;0;0;0;0;
outputs_20251125_232845/out_2553.txt;0;0;0;0;0;0;0;0;0;
outputs_20251125_232845/out_2556.txt;0;0;0;0;0;0;0;0;0;
outputs_20251125_232845/out_2558.txt;0;0;0;0;0;0;0;0;0;
outputs_20251125_232845/out_2559.txt;0;0;0;0;0;0;0;0;0;
outputs_20251125_232845/out_2561.txt;0;0;0;0;0;0;0;0;0;
outputs_20251125_232845/out_2562.txt;0;0;0;0;0;0;0;0;0;
outputs_20251125_232845/out_2569.txt;0;0;0;1;0;0;0;0;0;
outputs_20251125_232845/out_2570.txt;0;0;0;0;0;0;0;0;1;
outputs_20251125_232845/out_2572.txt;0;0;0;0;0;0;0;0;0;
outputs_20251125_232845/out_2574.txt;0;0;0;0;0;0;0;0;0;
outputs_20251125_232845/out_2579.txt;0;0;0;0;0;0;0;0;0;
outputs_20251125_232845/out_2584.txt;0;0;0;0;0;0;0;0;0;
outputs_20251125_232845/out_2590.txt;0;0;0;0;0;0;0;0;0;
outputs_20251125_232845/out_2591.txt;0;0;0;0;0;0;0;0;0;
outputs_20251125_232845/out_2592.txt;0;0;0;0;0;1;0;0;0;
outputs_20251125_232845/out_2594.txt;0;0;0;0;0;0;0;0;0;
outputs_20251125_232845/out_2596.txt;0;0;0;0;0;0;0;0;0;
outputs_20251125_232845/out_2597.txt;0;0;0;0;0;0;0;0;0;
outputs_20251125_232845/out_2600.txt;0;0;0;0;0;0;0;0;0;
outputs_20251125_232845/out_2602.txt;0;0;0;0;0;0;0;0;0;
outputs_20251125_232845/out_2605.txt;0;0;0;0;0;0;0;0;0;
outputs_20251125_232845/out_2606.txt;0;0;0;0;0;0;0;0;0;
outputs_20251125_232845/out_2607.txt;0;0;0;0;0;0;0;0;0;
outputs_20251125_232845/out_2613.txt;0;0;0;0;0;0;0;0;0;
outputs_20251125_232845/out_2615.txt;0;0;0;0;0;0;0;0;0;
outputs_20251125_232845/out_2620.txt;0;0;0;0;0;0;0;0;0;
outputs_20251125_232845/out_2621.txt;0;0;0;0;0;0;0;0;0;
outputs_20251125_232845/out_2625.txt;0;0;0;0;0;0;0;0;0;
outputs_20251125_232845/out_2628.txt;0;0;0;0;0;0;0;0;0;
outputs_20251125_232845/out_2629.txt;0;0;0;1;0;0;0;0;0;
outputs_20251125_232845/out_2631.txt;0;0;0;0;0;0;0;0;0;
outputs_20251125_232845/out_2633.txt;0;0;0;0;0;0;0;0;0;
outputs_20251125_232845/out_2646.txt;0;0;0;0;0;0;0;0;0;
outputs_20251125_232845/out_2651.txt;0;0;0;0;0;0;0;0;0;
outputs_20251125_232845/out_2652.txt;0;0;0;0;0;0;0;0;0;
outputs_20251125_232845/out_2654.txt;0;0;0;1;0;0;0;0;0;
outputs_20251125_232845/out_2660.txt;0;0;0;1;0;0;0;0;0;
outputs_20251125_232845/out_2661.txt;0;0;0;0;0;0;0;0;0;
outputs_20251125_232845/out_2662.txt;0;0;0;0;0;0;0;0;0;
outputs_20251125_232845/out_2667.txt;0;0;0;0;0;0;0;0;0;
outputs_20251125_232845/out_2670.txt;0;0;0;0;0;0;0;0;0;
outputs_20251125_232845/out_2671.txt;0;0;0;0;0;0;0;0;0;
outputs_20251125_232845/out_2674.txt;0;0;0;0;0;0;0;0;0;
outputs_20251125_232845/out_2683.txt;0;0;0;0;0;0;0;0;0;
outputs_20251125_232845/out_2684.txt;0;0;0;0;0;0;0;0;0;
outputs_20251125_232845/out_2690.txt;0;0;0;0;0;0;0;0;1;
outputs_20251125_232845/out_2691.txt;0;0;0;0;0;0;0;0;0;
outputs_20251125_232845/out_2697.txt;0;0;0;1;0;0;0;0;0;
outputs_20251125_232845/out_2703.txt;0;0;0;0;0;0;0;0;0;
outputs_20251125_232845/out_2705.txt;0;0;0;0;0;0;0;0;0;
outputs_20251125_232845/out_2708.txt;0;0;0;0;0;0;0;0;0;
outputs_20251125_232845/out_2710.txt;0;0;0;1;0;0;0;0;0;
outputs_20251125_232845/out_2714.txt;0;0;0;0;0;0;0;0;0;
outputs_20251125_232845/out_2715.txt;0;0;0;0;0;0;0;0;0;
outputs_20251125_232845/out_2721.txt;0;0;0;0;0;0;0;0;0;
outputs_20251125_232845/out_2723.txt;0;0;0;0;0;0;0;0;0;
outputs_20251125_232845/out_2724.txt;0;0;0;0;0;0;0;0;0;
outputs_20251125_232845/out_2732.txt;0;0;0;0;0;0;0;0;0;
outputs_20251125_232845/out_2733.txt;0;0;0;0;0;0;0;0;0;
outputs_20251125_232845/out_2735.txt;0;0;0;0;0;0;0;0;0;
outputs_20251125_232845/out_2738.txt;0;0;0;1;0;0;0;0;0;
outputs_20251125_232845/out_2739.txt;0;0;0;0;0;0;0;0;0;
outputs_20251125_232845/out_2741.txt;0;0;0;0;0;0;0;0;0;
outputs_20251125_232845/out_2742.txt;0;0;0;1;0;0;0;0;0;
outputs_20251125_232845/out_2746.txt;0;0;0;0;0;0;0;0;0;
outputs_20251125_232845/out_2748.txt;0;0;0;1;0;0;0;0;0;
outputs_20251125_232845/out_2750.txt;0;0;0;0;0;0;0;0;0;
outputs_20251125_232845/out_2752.txt;0;0;0;0;0;0;0;0;0;
outputs_20251125_232845/out_2753.txt;0;0;0;0;0;0;0;0;0;
outputs_20251125_232845/out_2754.txt;0;0;0;0;0;0;0;0;0;
outputs_20251125_232845/out_2760.txt;0;0;0;0;0;0;0;0;0;
outputs_20251125_232845/out_2765.txt;0;0;0;1;0;0;0;0;0;
outputs_20251125_232845/out_2768.txt;0;0;0;0;0;0;0;0;0;
outputs_20251125_232845/out_2772.txt;0;0;0;0;0;0;0;0;0;
outputs_20251125_232845/out_2777.txt;0;0;0;0;0;0;0;0;0;
outputs_20251125_232845/out_2784.txt;0;0;0;0;0;0;0;0;0;
outputs_20251125_232845/out_2785.txt;0;0;0;0;0;0;0;0;0;
outputs_20251125_232845/out_2786.txt;0;0;0;0;0;0;0;0;0;
outputs_20251125_232845/out_2787.txt;0;0;0;0;0;0;0;0;0;
outputs_20251125_232845/out_2789.txt;0;0;0;1;0;0;0;0;0;
outputs_20251125_232845/out_2791.txt;0;0;0;0;0;0;0;0;0;
outputs_20251125_232845/out_2793.txt;0;0;0;0;0;0;0;0;0;
outputs_20251125_232845/out_2796.txt;0;0;0;0;0;0;0;0;0;
outputs_20251125_232845/out_2797.txt;0;0;0;0;0;0;0;0;0;
outputs_20251125_232845/out_2802.txt;0;0;0;0;0;0;0;0;0;
outputs_20251125_232845/out_2804.txt;0;0;0;0;0;0;0;0;0;
outputs_20251125_232845/out_2809.txt;0;0;0;1;0;1;0;0;0;
outputs_20251125_232845/out_2811.txt;0;0;0;0;0;0;0;0;0;
outputs_20251125_232845/out_2812.txt;0;0;0;0;0;0;0;0;0;
outputs_20251125_232845/out_2814.txt;0;0;0;1;0;0;0;0;0;
outputs_20251125_232845/out_2815.txt;0;0;0;0;0;0;0;0;0;
outputs_20251125_232845/out_2816.txt;0;0;0;0;0;0;0;0;1;
outputs_20251125_232845/out_2817.txt;0;0;0;0;0;0;0;0;0;
outputs_20251125_232845/out_2820.txt;0;0;0;1;0;0;0;0;0;
outputs_20251125_232845/out_2823.txt;0;0;0;0;0;0;0;0;0;
outputs_20251125_232845/out_2824.txt;0;0;0;0;0;0;0;0;0;
outputs_20251125_232845/out_2825.txt;0;0;0;0;0;0;0;0;0;
outputs_20251125_232845/out_2826.txt;0;0;0;0;0;0;0;0;0;
outputs_20251125_232845/out_2829.txt;0;0;0;0;0;0;0;0;0;
outputs_20251125_232845/out_2832.txt;0;0;0;1;0;0;0;0;0;
outputs_20251125_232845/out_2836.txt;0;0;0;0;0;0;0;0;0;
outputs_20251125_232845/out_2839.txt;0;0;0;0;0;0;0;0;0;
outputs_20251125_232845/out_2845.txt;0;0;0;1;0;0;0;0;0;
outputs_20251125_232845/out_2849.txt;0;0;0;0;0;0;0;0;0;
outputs_20251125_232845/out_2850.txt;0;0;0;0;0;0;0;0;0;
outputs_20251125_232845/out_2861.txt;0;0;0;0;0;0;0;0;0;
outputs_20251125_232845/out_2862.txt;0;0;0;0;0;0;0;0;1;
outputs_20251125_232845/out_2863.txt;0;0;0;0;0;0;0;0;0;
outputs_20251125_232845/out_2868.txt;0;0;0;0;0;0;0;0;0;
outputs_20251125_232845/out_2873.txt;0;0;0;1;0;0;0;0;0;
outputs_20251125_232845/out_2874.txt;0;0;0;0;0;0;0;0;0;
outputs_20251125_232845/out_2879.txt;0;0;0;1;0;0;0;0;0;
outputs_20251125_232845/out_2889.txt;0;0;0;1;0;0;0;0;0;
outputs_20251125_232845/out_2890.txt;0;0;0;0;0;0;0;0;0;
outputs_20251125_232845/out_2891.txt;0;0;0;0;0;0;0;0;0;
outputs_20251125_232845/out_2893.txt;0;0;0;0;0;0;0;0;0;
outputs_20251125_232845/out_2895.txt;0;0;0;0;0;0;0;0;0;
outputs_20251125_232845/out_2897.txt;0;0;0;0;0;0;0;0;0;
outputs_20251125_232845/out_2898.txt;0;0;0;1;0;0;0;0;0;
outputs_20251125_232845/out_2900.txt;0;0;0;0;0;0;0;0;0;
outputs_20251125_232845/out_2901.txt;0;0;0;0;0;0;0;0;0;
outputs_20251125_232845/out_2904.txt;0;0;0;0;0;0;0;0;0;
outputs_20251125_232845/out_2905.txt;0;0;0;1;0;1;0;0;0;
outputs_20251125_232845/out_2907.txt;0;0;0;0;0;0;0;0;0;
outputs_20251125_232845/out_2908.txt;0;0;0;0;0;0;0;0;0;
outputs_20251125_232845/out_2917.txt;0;0;0;0;0;0;0;0;0;
outputs_20251125_232845/out_2919.txt;0;0;0;1;0;0;0;0;0;
outputs_20251125_232845/out_2922.txt;0;0;0;0;0;0;0;0;0;
outputs_20251125_232845/out_2924.txt;0;0;0;0;0;0;0;0;0;
outputs_20251125_232845/out_2925.txt;0;0;0;1;0;0;0;0;0;
outputs_20251125_232845/out_2929.txt;0;0;0;1;0;0;0;0;0;
outputs_20251125_232845/out_2930.txt;0;0;0;0;0;0;0;0;0;
outputs_20251125_232845/out_2933.txt;0;0;0;0;0;0;0;0;1;
outputs_20251125_232845/out_2934.txt;0;0;0;0;0;0;0;0;0;
outputs_20251125_232845/out_2935.txt;0;0;0;0;0;0;0;0;0;
outputs_20251125_232845/out_2940.txt;0;0;0;0;0;0;0;0;0;
outputs_20251125_232845/out_2942.txt;0;0;0;1;0;0;0;0;0;
outputs_20251125_232845/out_2943.txt;0;0;0;0;0;0;0;0;0;
outputs_20251125_232845/out_2946.txt;0;0;0;1;0;0;0;0;0;
outputs_20251125_232845/out_2948.txt;0;0;0;0;0;0;0;0;0;
outputs_20251125_232845/out_2949.txt;0;0;0;0;0;0;0;0;1;
outputs_20251125_232845/out_2951.txt;0;0;0;0;0;0;0;0;0;
outputs_20251125_232845/out_2955.txt;0;0;0;1;0;0;0;0;0;
outputs_20251125_232845/out_2959.txt;0;0;0;0;0;0;0;0;0;
outputs_20251125_232845/out_2961.txt;0;0;0;0;0;0;0;0;0;
outputs_20251125_232845/out_2962.txt;0;0;0;0;0;0;0;0;0;
outputs_20251125_232845/out_2968.txt;0;0;0;1;0;0;0;0;0;
outputs_20251125_232845/out_2969.txt;0;0;0;1;0;0;0;0;0;
outputs_20251125_232845/out_2973.txt;0;0;0;0;0;0;0;0;0;
outputs_20251125_232845/out_2976.txt;0;0;0;0;0;0;0;0;0;
outputs_20251125_232845/out_2982.txt;0;0;0;1;0;0;0;0;0;
outputs_20251125_232845/out_2983.txt;0;0;0;0;0;0;0;0;0;
outputs_20251125_232845/out_2991.txt;0;0;0;0;0;0;0;0;0;
outputs_20251125_232845/out_2992.txt;0;0;0;1;0;0;0;0;0;
outputs_20251125_232845/out_2998.txt;0;0;0;0;0;0;0;0;0;
outputs_20251125_232845/out_3001.txt;0;0;0;1;0;1;0;0;0;
outputs_20251125_232845/out_3002.txt;0;0;0;0;0;0;0;0;0;
outputs_20251125_232845/out_3004.txt;0;0;0;0;0;0;0;0;0;
outputs_20251125_232845/out_3005.txt;0;0;0;0;0;0;0;0;0;
outputs_20251125_232845/out_3006.txt;0;0;0;0;0;0;0;0;0;
outputs_20251125_232845/out_3007.txt;0;0;0;0;0;0;0;0;0;
outputs_20251125_232845/out_3009.txt;0;0;0;1;0;0;0;0;0;
outputs_20251125_232845/out_3010.txt;0;0;0;0;0;0;0;0;0;
outputs_20251125_232845/out_3011.txt;0;0;0;0;0;0;0;0;0;
outputs_20251125_232845/out_3013.txt;0;0;0;0;0;0;0;0;0;
outputs_20251125_232845/out_3015.txt;0;0;0;0;0;0;0;0;0;
outputs_20251125_232845/out_3016.txt;0;0;0;0;0;0;0;0;0;
outputs_20251125_232845/out_3017.txt;0;0;0;0;0;0;0;0;0;
outputs_20251125_232845/out_3021.txt;0;0;0;1;0;1;0;0;0;
outputs_20251125_232845/out_3022.txt;0;0;0;0;0;0;0;0;0;
outputs_20251125_232845/out_3023.txt;0;0;0;0;0;0;0;0;0;
outputs_20251125_232845/out_3028.txt;0;0;0;0;0;0;0;0;0;
outputs_20251125_232845/out_3030.txt;0;0;0;0;0;0;0;0;0;
outputs_20251125_232845/out_3031.txt;0;0;0;0;0;0;0;0;0;
outputs_20251125_232845/out_3037.txt;0;0;0;0;0;1;0;0;0;
outputs_20251125_232845/out_3040.txt;0;0;0;0;0;0;0;0;0;
outputs_20251125_232845/out_3042.txt;0;0;0;1;0;0;0;0;0;
outputs_20251125_232845/out_3043.txt;0;0;0;0;0;0;0;0;0;
outputs_20251125_232845/out_3044.txt;0;0;0;0;0;0;0;0;0;
outputs_20251125_232845/out_3047.txt;0;0;0;0;0;0;0;0;0;
outputs_20251125_232845/out_3050.txt;0;0;0;0;0;0;0;0;0;
outputs_20251125_232845/out_3052.txt;0;0;0;0;0;0;0;0;0;
outputs_20251125_232845/out_3055.txt;0;0;0;0;0;0;0;0;0;
outputs_20251125_232845/out_3059.txt;0;0;0;0;0;0;0;0;0;
outputs_20251125_232845/out_3060.txt;0;0;0;0;0;0;0;0;0;
outputs_20251125_232845/out_3061.txt;0;0;0;1;0;0;0;0;0;
outputs_20251125_232845/out_3063.txt;0;0;0;0;0;0;0;0;0;
outputs_20251125_232845/out_3066.txt;0;0;0;0;0;0;0;0;0;
outputs_20251125_232845/out_3069.txt;0;0;0;0;0;0;0;0;0;
outputs_20251125_232845/out_3070.txt;0;0;0;0;0;0;0;0;0;
outputs_20251125_232845/out_3073.txt;0;0;0;0;0;0;0;0;0;
outputs_20251125_232845/out_3074.txt;0;0;0;1;0;0;0;0;0;
outputs_20251125_232845/out_3075.txt;0;0;0;0;0;0;0;0;1;
outputs_20251125_232845/out_3076.txt;0;0;0;0;0;0;0;0;0;
outputs_20251125_232845/out_3079.txt;0;0;0;0;0;0;0;0;0;
outputs_20251125_232845/out_3081.txt;0;0;0;0;0;0;0;0;0;
outputs_20251125_232845/out_3082.txt;0;0;0;0;0;0;0;0;0;
outputs_20251125_232845/out_3083.txt;0;0;0;0;0;0;0;0;0;
outputs_20251125_232845/out_3085.txt;0;0;0;0;0;0;0;0;0;
outputs_20251125_232845/out_3088.txt;0;0;0;0;0;0;0;0;0;
outputs_20251125_232845/out_3092.txt;0;0;0;1;0;0;0;0;0;
outputs_20251125_232845/out_3095.txt;0;0;0;0;0;0;0;0;0;
outputs_20251125_232845/out_3096.txt;0;0;0;0;0;0;0;0;0;
outputs_20251125_232845/out_3098.txt;0;0;0;0;0;0;0;0;0;
outputs_20251125_232845/out_3099.txt;0;0;0;0;0;0;0;0;0;
outputs_20251125_232845/out_3100.txt;0;0;0;1;0;0;0;0;0;
outputs_20251125_232845/out_3105.txt;0;0;0;0;0;0;0;0;0;
outputs_20251125_232845/out_3106.txt;0;0;0;0;0;0;0;0;0;
outputs_20251125_232845/out_3108.txt;0;0;0;1;0;1;0;0;0;
outputs_20251125_232845/out_3109.txt;0;0;0;1;0;0;0;0;0;
outputs_20251125_232845/out_3111.txt;0;0;0;0;0;0;0;0;0;
outputs_20251125_232845/out_3112.txt;0;0;0;0;0;0;0;0;0;
outputs_20251125_232845/out_3115.txt;0;0;0;0;0;0;0;0;0;
outputs_20251125_232845/out_3117.txt;0;0;0;1;0;0;0;0;0;
outputs_20251125_232845/out_3120.txt;0;0;0;0;0;0;0;0;0;
outputs_20251125_232845/out_3122.txt;0;0;0;0;0;0;0;0;0;
outputs_20251125_232845/out_3123.txt;0;0;0;0;0;0;0;0;0;
outputs_20251125_232845/out_3128.txt;0;0;0;1;0;0;0;0;0;
outputs_20251125_232845/out_3135.txt;0;0;0;0;0;0;0;0;0;
outputs_20251125_232845/out_3139.txt;0;0;0;0;0;0;0;0;0;
outputs_20251125_232845/out_3145.txt;0;0;0;0;0;0;0;0;0;
outputs_20251125_232845/out_3147.txt;0;0;0;0;0;1;0;0;0;
outputs_20251125_232845/out_3148.txt;0;0;0;0;0;0;0;0;0;
outputs_20251125_232845/out_3150.txt;0;0;0;0;0;0;0;0;0;
outputs_20251125_232845/out_3151.txt;0;0;0;0;0;0;0;0;0;
outputs_20251125_232845/out_3152.txt;0;0;0;0;0;0;0;0;0;
outputs_20251125_232845/out_3155.txt;0;0;0;0;0;0;0;0;0;
outputs_20251125_232845/out_3159.txt;0;0;0;0;0;0;0;0;0;
outputs_20251125_232845/out_3160.txt;0;0;0;0;0;0;0;0;0;
outputs_20251125_232845/out_3161.txt;0;0;0;0;0;0;0;0;0;
outputs_20251125_232845/out_3162.txt;0;0;0;1;0;0;0;0;0;
outputs_20251125_232845/out_3163.txt;0;0;0;0;0;0;0;0;0;
outputs_20251125_232845/out_3164.txt;0;0;0;0;0;0;0;0;0;
outputs_20251125_232845/out_3166.txt;0;0;0;0;0;0;0;0;0;
outputs_20251125_232845/out_3167.txt;0;0;0;0;0;0;0;0;0;
outputs_20251125_232845/out_3169.txt;0;0;0;0;0;0;0;0;0;
outputs_20251125_232845/out_3176.txt;0;0;0;0;0;0;0;0;0;
outputs_20251125_232845/out_3177.txt;0;0;0;0;0;0;0;0;0;
outputs_20251125_232845/out_3179.txt;0;0;0;0;0;0;0;0;0;
outputs_20251125_232845/out_3183.txt;0;0;0;0;0;0;0;0;0;
outputs_20251125_232845/out_3184.txt;0;0;0;0;0;0;0;0;0;
outputs_20251125_232845/out_3185.txt;0;0;0;0;0;0;0;0;0;
outputs_20251125_232845/out_3188.txt;0;0;0;0;0;0;0;0;0;
outputs_20251125_232845/out_3191.txt;0;0;0;0;0;0;0;0;0;
outputs_20251125_232845/out_3192.txt;0;0;0;1;0;0;0;0;0;
outputs_20251125_232845/out_3193.txt;0;0;0;0;0;0;0;0;0;
outputs_20251125_232845/out_3195.txt;0;0;0;0;0;0;0;0;0;
outputs_20251125_232845/out_3196.txt;0;0;0;1;0;0;0;0;0;
outputs_20251125_232845/out_3197.txt;0;0;0;0;0;0;0;0;0;
outputs_20251125_232845/out_3199.txt;0;0;0;1;0;0;0;0;0;
outputs_20251125_232845/out_3203.txt;0;0;0;1;0;1;0;0;0;
outputs_20251125_232845/out_3205.txt;0;0;0;0;0;0;0;0;0;
outputs_20251125_232845/out_3206.txt;0;0;0;0;0;0;0;0;1;
outputs_20251125_232845/out_3209.txt;0;0;0;0;0;0;0;0;0;
outputs_20251125_232845/out_3210.txt;0;0;0;1;0;1;0;0;0;
outputs_20251125_232845/out_3213.txt;0;0;0;0;0;0;0;0;0;
outputs_20251125_232845/out_3215.txt;0;0;0;0;0;0;0;0;0;
outputs_20251125_232845/out_3217.txt;0;0;0;0;0;0;0;0;0;
outputs_20251125_232845/out_3221.txt;0;0;0;0;0;0;0;0;0;
outputs_20251125_232845/out_3222.txt;0;0;0;0;0;0;0;0;0;
outputs_20251125_232845/out_3223.txt;0;0;0;0;0;0;0;0;0;
outputs_20251125_232845/out_3227.txt;0;0;0;0;0;0;0;0;0;
outputs_20251125_232845/out_3228.txt;0;0;0;1;0;0;0;0;0;
outputs_20251125_232845/out_3233.txt;0;0;0;0;0;0;0;0;0;
outputs_20251125_232845/out_3235.txt;0;0;0;0;0;0;0;0;0;
outputs_20251125_232845/out_3237.txt;0;0;0;0;0;0;0;0;0;
outputs_20251125_232845/out_3238.txt;0;0;0;0;0;0;0;0;0;
outputs_20251125_232845/out_3240.txt;0;0;0;0;0;0;0;0;0;
outputs_20251125_232845/out_3242.txt;0;0;0;0;0;0;0;0;0;
outputs_20251125_232845/out_3244.txt;0;0;0;0;0;0;0;0;0;
outputs_20251125_232845/out_3251.txt;0;0;0;0;0;0;0;0;0;
outputs_20251125_232845/out_3254.txt;0;0;0;0;0;0;0;0;0;
outputs_20251125_232845/out_3258.txt;0;0;0;0;0;0;0;0;1;
outputs_20251125_232845/out_3260.txt;0;0;0;0;0;0;0;0;0;
outputs_20251125_232845/out_3264.txt;0;0;0;1;0;0;0;0;0;
outputs_20251125_232845/out_3270.txt;0;0;0;0;0;0;0;0;0;
outputs_20251125_232845/out_3272.txt;0;0;0;0;0;0;0;0;0;
outputs_20251125_232845/out_3275.txt;0;0;0;0;0;0;0;0;0;
outputs_20251125_232845/out_3277.txt;0;0;0;0;0;0;0;0;0;
outputs_20251125_232845/out_3278.txt;0;0;0;0;0;0;0;0;0;
outputs_20251125_232845/out_3283.txt;0;0;0;0;0;0;0;0;0;
outputs_20251125_232845/out_3285.txt;0;0;0;1;0;0;0;0;0;
outputs_20251125_232845/out_3289.txt;0;0;0;1;0;0;0;0;0;
outputs_20251125_232845/out_3293.txt;0;0;0;0;0;0;0;0;0;
outputs_20251125_232845/out_3294.txt;0;0;0;0;0;0;0;0;0;
outputs_20251125_232845/out_3298.txt;0;0;0;0;0;0;0;0;0;
outputs_20251125_232845/out_3299.txt;0;0;0;1;0;0;0;0;0;
outputs_20251125_232845/out_3300.txt;0;0;0;1;0;0;0;0;0;
outputs_20251125_232845/out_3301.txt;0;0;0;0;0;0;0;0;0;
outputs_20251125_232845/out_3314.txt;0;0;0;0;0;0;0;0;0;
outputs_20251125_232845/out_3320.txt;0;0;0;0;0;0;0;0;0;
outputs_20251125_232845/out_3323.txt;0;0;0;0;0;0;0;0;0;
outputs_20251125_232845/out_3326.txt;0;0;0;0;0;0;0;0;0;
outputs_20251125_232845/out_3327.txt;0;0;0;0;0;0;0;0;0;
outputs_20251125_232845/out_3331.txt;0;0;0;0;0;0;0;0;0;
outputs_20251125_232845/out_3334.txt;0;0;0;1;0;0;0;0;0;
outputs_20251125_232845/out_3336.txt;0;0;0;1;0;0;0;0;0;
outputs_20251125_232845/out_3340.txt;0;0;0;0;0;0;0;0;0;
outputs_20251125_232845/out_3345.txt;0;0;0;0;0;0;0;0;0;
outputs_20251125_232845/out_3347.txt;0;0;0;0;0;0;0;0;0;
outputs_20251125_232845/out_3349.txt;0;0;0;0;0;0;0;0;0;
outputs_20251125_232845/out_3350.txt;0;0;0;0;0;0;0;0;0;
outputs_20251125_232845/out_3353.txt;0;0;0;0;0;0;0;0;0;
outputs_20251125_232845/out_3354.txt;0;0;0;0;0;0;0;0;0;
outputs_20251125_232845/out_3355.txt;0;0;0;0;0;0;0;0;0;
outputs_20251125_232845/out_3357.txt;0;0;0;1;0;0;0;0;0;
outputs_20251125_232845/out_3360.txt;0;0;0;0;0;0;0;0;0;
outputs_20251125_232845/out_3364.txt;0;0;0;1;0;0;0;0;0;
outputs_20251125_232845/out_3367.txt;0;0;0;0;0;0;0;0;0;
outputs_20251125_232845/out_3370.txt;0;0;0;0;0;0;0;0;0;
outputs_20251125_232845/out_3374.txt;0;0;0;0;0;0;0;0;0;
outputs_20251125_232845/out_3376.txt;0;0;0;0;0;0;0;0;0;
outputs_20251125_232845/out_3378.txt;0;0;0;0;0;0;0;0;0;
outputs_20251125_232845/out_3383.txt;0;0;0;0;0;0;0;0;1;
outputs_20251125_232845/out_3384.txt;0;0;0;0;0;0;0;0;0;
outputs_20251125_232845/out_3389.txt;0;0;0;1;0;0;0;0;0;
outputs_20251125_232845/out_3398.txt;0;0;0;0;0;0;0;0;0;
outputs_20251125_232845/out_3401.txt;0;0;0;0;0;0;0;0;0;
outputs_20251125_232845/out_3402.txt;0;0;0;0;0;0;0;0;0;
outputs_20251125_232845/out_3403.txt;0;0;0;0;0;0;0;0;0;
outputs_20251125_232845/out_3409.txt;0;0;0;1;0;1;0;0;0;
outputs_20251125_232845/out_3410.txt;0;0;0;1;0;0;0;0;0;
outputs_20251125_232845/out_3414.txt;0;0;0;0;0;0;0;0;0;
outputs_20251125_232845/out_3418.txt;0;0;0;0;0;0;0;0;0;
outputs_20251125_232845/out_3420.txt;0;0;0;0;0;0;0;0;0;
outputs_20251125_232845/out_3421.txt;0;0;0;0;0;0;0;0;0;
outputs_20251125_232845/out_3424.txt;0;0;0;0;0;0;0;0;0;
outputs_20251125_232845/out_3426.txt;0;0;0;0;0;0;0;0;0;
outputs_20251125_232845/out_3428.txt;0;0;0;0;0;0;0;0;0;
outputs_20251125_232845/out_3429.txt;0;0;0;0;0;0;0;0;0;
outputs_20251125_232845/out_3431.txt;0;0;0;0;0;0;0;0;0;
outputs_20251125_232845/out_3447.txt;0;0;0;0;0;0;0;0;0;
outputs_20251125_232845/out_3449.txt;0;0;0;0;0;0;0;0;0;
outputs_20251125_232845/out_3452.txt;0;0;0;0;0;0;0;0;0;
outputs_20251125_232845/out_3455.txt;0;0;0;1;0;0;0;0;0;
outputs_20251125_232845/out_3459.txt;0;0;0;0;0;0;0;0;0;
outputs_20251125_232845/out_3461.txt;0;0;0;1;0;0;0;0;0;
outputs_20251125_232845/out_3465.txt;0;0;0;0;0;0;0;0;1;
outputs_20251125_232845/out_3467.txt;0;0;0;0;0;0;0;0;0;
outputs_20251125_232845/out_3468.txt;0;0;0;0;0;0;0;0;0;
outputs_20251125_232845/out_3469.txt;0;0;0;0;0;0;0;0;0;
outputs_20251125_232845/out_3472.txt;0;0;0;0;0;0;0;0;0;
outputs_20251125_232845/out_3473.txt;0;0;0;1;0;0;0;0;0;
outputs_20251125_232845/out_3476.txt;0;0;0;0;0;0;0;0;0;
outputs_20251125_232845/out_3477.txt;0;0;0;0;0;0;0;0;0;
outputs_20251125_232845/out_3481.txt;0;0;0;0;0;0;0;0;0;
outputs_20251125_232845/out_3482.txt;0;0;0;0;0;0;0;0;0;
outputs_20251125_232845/out_3484.txt;0;0;0;0;0;0;0;0;0;
outputs_20251125_232845/out_3485.txt;0;0;0;1;0;0;0;0;0;
outputs_20251125_232845/out_3487.txt;0;0;0;0;0;0;0;0;0;
outputs_20251125_232845/out_3488.txt;0;0;0;1;0;1;0;0;0;
outputs_20251125_232845/out_3489.txt;0;0;0;0;0;0;0;0;0;
outputs_20251125_232845/out_3490.txt;0;0;0;0;0;0;0;0;0;
outputs_20251125_232845/out_3494.txt;0;0;0;0;0;0;0;0;0;
outputs_20251125_232845/out_3495.txt;0;0;0;1;0;0;0;0;0;
outputs_20251125_232845/out_3498.txt;0;0;0;0;0;0;0;0;0;
outputs_20251125_232845/out_3501.txt;0;0;0;0;0;0;0;0;0;
outputs_20251125_232845/out_3502.txt;0;0;0;0;0;0;0;0;0;
outputs_20251125_232845/out_3503.txt;0;0;0;0;0;0;0;0;0;
outputs_20251125_232845/out_3507.txt;0;0;0;1;0;0;0;0;0;
outputs_20251125_232845/out_3508.txt;0;0;0;0;0;0;0;0;0;
outputs_20251125_232845/out_3509.txt;0;0;0;0;0;0;0;0;0;
outputs_20251125_232845/out_3514.txt;0;0;0;0;0;1;0;0;0;
outputs_20251125_232845/out_3515.txt;0;0;0;0;0;0;0;0;0;
outputs_20251125_232845/out_3517.txt;0;0;0;0;0;0;0;0;0;
outputs_20251125_232845/out_3519.txt;0;0;0;0;0;0;0;0;0;
outputs_20251125_232845/out_3522.txt;0;0;0;0;0;0;0;0;0;
outputs_20251125_232845/out_3525.txt;0;0;0;0;0;0;0;0;0;
outputs_20251125_232845/out_3528.txt;0;0;0;1;0;0;0;0;0;
outputs_20251125_232845/out_3533.txt;0;0;0;0;0;0;0;0;0;
outputs_20251125_232845/out_3534.txt;0;0;0;0;0;0;0;0;0;
outputs_20251125_232845/out_3535.txt;0;0;0;0;0;0;0;0;0;
outputs_20251125_232845/out_3540.txt;0;0;0;1;0;0;0;0;0;
outputs_20251125_232845/out_3543.txt;0;0;0;0;0;0;0;0;0;
outputs_20251125_232845/out_3547.txt;0;0;0;0;0;0;0;0;0;
outputs_20251125_232845/out_3555.txt;0;0;0;0;0;0;0;0;0;
outputs_20251125_232845/out_3557.txt;0;0;0;0;0;0;0;0;0;
outputs_20251125_232845/out_3559.txt;0;0;0;1;0;0;0;0;0;
outputs_20251125_232845/out_3563.txt;0;0;0;0;0;0;0;0;1;
outputs_20251125_232845/out_3568.txt;0;0;0;0;0;0;0;0;0;
outputs_20251125_232845/out_3569.txt;0;0;0;1;0;0;0;0;0;
outputs_20251125_232845/out_3571.txt;0;0;0;0;0;0;0;0;0;
outputs_20251125_232845/out_3572.txt;0;0;0;0;0;0;0;0;0;
outputs_20251125_232845/out_3574.txt;0;0;0;0;0;0;0;0;0;
outputs_20251125_232845/out_3578.txt;0;0;0;1;0;0;0;0;0;
outputs_20251125_232845/out_3584.txt;0;0;0;0;0;0;0;0;0;
outputs_20251125_232845/out_3586.txt;0;0;0;0;0;0;0;0;0;
outputs_20251125_232845/out_3587.txt;0;0;0;0;0;0;0;0;0;
outputs_20251125_232845/out_3589.txt;0;0;0;0;0;0;0;0;0;
outputs_20251125_232845/out_3593.txt;0;0;0;0;0;0;0;0;0;
outputs_20251125_232845/out_3594.txt;0;0;0;1;0;0;0;0;0;
outputs_20251125_232845/out_3595.txt;0;0;0;0;0;0;0;0;0;
outputs_20251125_232845/out_3600.txt;0;0;0;0;0;0;0;0;0;
outputs_20251125_232845/out_3601.txt;0;0;0;0;0;0;0;0;0;
outputs_20251125_232845/out_3602.txt;0;0;0;0;0;0;0;0;0;
outputs_20251125_232845/out_3605.txt;0;0;0;0;0;0;0;0;0;
outputs_20251125_232845/out_3607.txt;0;0;0;0;0;0;0;0;0;
outputs_20251125_232845/out_3610.txt;0;0;0;0;0;0;0;0;0;
outputs_20251125_232845/out_3611.txt;0;0;0;0;0;0;0;0;0;
outputs_20251125_232845/out_3620.txt;0;0;0;0;0;0;0;0;0;
outputs_20251125_232845/out_3621.txt;0;0;0;0;0;0;0;0;0;
outputs_20251125_232845/out_3624.txt;0;0;0;0;0;0;0;0;0;
outputs_20251125_232845/out_3626.txt;0;0;0;0;0;0;0;0;0;
outputs_20251125_232845/out_3630.txt;0;0;0;0;0;0;0;0;0;
outputs_20251125_232845/out_3633.txt;0;0;0;0;0;0;0;0;0;
outputs_20251125_232845/out_3638.txt;0;0;0;0;0;0;0;0;0;
outputs_20251125_232845/out_3643.txt;0;0;0;0;0;0;0;0;0;
outputs_20251125_232845/out_3645.txt;0;0;0;0;0;0;0;0;0;
outputs_20251125_232845/out_3648.txt;0;0;0;1;0;0;0;0;0;
outputs_20251125_232845/out_3650.txt;0;0;0;0;0;0;0;0;0;
outputs_20251125_232845/out_3656.txt;0;0;0;1;0;0;0;0;0;
outputs_20251125_232845/out_3658.txt;0;0;0;0;0;0;0;0;0;
outputs_20251125_232845/out_3660.txt;0;0;0;0;0;0;0;0;0;
outputs_20251125_232845/out_3662.txt;0;0;0;0;0;0;0;0;0;
outputs_20251125_232845/out_3666.txt;0;0;0;0;0;0;0;0;0;
outputs_20251125_232845/out_3667.txt;0;0;0;1;0;0;0;0;0;
outputs_20251125_232845/out_3669.txt;0;0;0;0;0;0;0;0;0;
outputs_20251125_232845/out_3670.txt;0;0;0;0;0;0;0;0;0;
outputs_20251125_232845/out_3674.txt;0;0;0;0;0;0;0;0;0;
outputs_20251125_232845/out_3676.txt;0;0;0;0;0;0;0;0;0;
outputs_20251125_232845/out_3677.txt;0;0;0;0;0;0;0;0;1;
outputs_20251125_232845/out_3678.txt;0;0;0;0;0;0;0;0;0;
outputs_20251125_232845/out_3679.txt;0;0;0;0;0;0;0;0;1;
outputs_20251125_232845/out_3683.txt;0;0;0;0;0;0;0;0;0;
outputs_20251125_232845/out_3686.txt;0;0;0;0;0;0;0;0;0;
outputs_20251125_232845/out_3690.txt;0;0;0;0;0;0;0;0;0;
outputs_20251125_232845/out_3692.txt;0;0;0;0;0;0;0;0;0;
outputs_20251125_232845/out_3695.txt;0;0;0;0;0;0;0;0;0;
outputs_20251125_232845/out_3697.txt;0;0;0;0;0;0;0;0;0;
outputs_20251125_232845/out_3698.txt;0;0;0;0;0;0;0;0;0;
outputs_20251125_232845/out_3700.txt;0;0;0;0;0;0;0;0;0;
outputs_20251125_232845/out_3704.txt;0;0;0;1;0;0;0;0;0;
outputs_20251125_232845/out_3705.txt;0;0;0;1;0;0;0;0;0;
outputs_20251125_232845/out_3707.txt;0;0;0;1;0;1;0;0;0;
outputs_20251125_232845/out_3708.txt;0;0;0;0;0;0;0;0;0;
outputs_20251125_232845/out_3709.txt;0;0;0;0;0;1;0;0;0;
outputs_20251125_232845/out_3710.txt;0;0;0;0;0;0;0;0;0;
outputs_20251125_232845/out_3713.txt;0;0;0;0;0;0;0;0;0;
outputs_20251125_232845/out_3714.txt;0;0;0;0;0;0;0;0;0;
outputs_20251125_232845/out_3715.txt;0;0;0;1;0;0;0;0;0;
outputs_20251125_232845/out_3716.txt;0;0;0;0;0;0;0;0;0;
outputs_20251125_232845/out_3723.txt;0;0;0;0;0;0;0;0;0;
outputs_20251125_232845/out_3725.txt;0;0;0;1;0;0;0;0;0;
outputs_20251125_232845/out_3729.txt;0;0;0;0;0;0;0;0;0;
outputs_20251125_232845/out_3730.txt;0;0;0;0;0;0;0;0;0;
outputs_20251125_232845/out_3731.txt;0;0;0;0;0;0;0;0;0;
outputs_20251125_232845/out_3735.txt;0;0;0;0;0;0;0;0;0;
outputs_20251125_232845/out_3736.txt;0;0;0;0;0;0;0;0;0;
outputs_20251125_232845/out_3737.txt;0;0;0;0;0;0;0;0;0;
outputs_20251125_232845/out_3741.txt;0;0;0;0;0;0;0;0;0;
outputs_20251125_232845/out_3743.txt;0;0;0;0;0;0;0;0;0;
outputs_20251125_232845/out_3746.txt;0;0;0;0;0;0;0;0;0;
outputs_20251125_232845/out_3747.txt;0;0;0;0;0;0;0;0;0;
outputs_20251125_232845/out_3748.txt;0;0;0;0;0;0;0;0;0;
outputs_20251125_232845/out_3752.txt;0;0;0;0;0;0;0;0;0;
outputs_20251125_232845/out_3754.txt;0;0;0;0;0;0;0;0;0;
outputs_20251125_232845/out_3764.txt;0;0;0;0;0;0;0;0;0;
outputs_20251125_232845/out_3770.txt;0;0;0;0;0;0;0;0;0;
outputs_20251125_232845/out_3776.txt;0;0;0;1;0;0;0;0;0;
outputs_20251125_232845/out_3780.txt;0;0;0;0;0;0;0;0;0;
outputs_20251125_232845/out_3784.txt;0;0;0;0;0;0;0;0;0;
outputs_20251125_232845/out_3785.txt;0;0;0;0;0;0;0;0;0;
outputs_20251125_232845/out_3786.txt;0;0;0;0;0;0;0;0;0;
outputs_20251125_232845/out_3788.txt;0;0;0;0;0;0;0;0;0;
outputs_20251125_232845/out_3789.txt;0;0;0;0;0;0;0;0;0;
outputs_20251125_232845/out_3794.txt;0;0;0;0;0;0;0;0;0;
outputs_20251125_232845/out_3796.txt;0;0;0;0;0;0;0;0;0;
outputs_20251125_232845/out_3798.txt;0;0;0;0;0;0;0;0;0;
outputs_20251125_232845/out_3800.txt;0;0;0;0;0;0;0;0;0;
outputs_20251125_232845/out_3803.txt;0;0;0;0;0;0;0;0;0;
outputs_20251125_232845/out_3807.txt;0;0;0;0;0;0;0;0;0;
outputs_20251125_232845/out_3810.txt;0;0;0;0;0;0;0;0;0;
outputs_20251125_232845/out_3822.txt;0;0;0;1;0;0;0;0;0;
outputs_20251125_232845/out_3824.txt;0;0;0;0;0;0;0;0;0;
outputs_20251125_232845/out_3826.txt;0;0;0;0;0;0;0;0;0;
outputs_20251125_232845/out_3829.txt;0;0;0;1;0;0;0;0;0;
outputs_20251125_232845/out_3833.txt;0;0;0;0;0;0;0;0;0;
outputs_20251125_232845/out_3837.txt;0;0;0;0;0;0;0;0;0;
outputs_20251125_232845/out_3839.txt;0;0;0;0;0;0;0;0;0;
outputs_20251125_232845/out_3844.txt;0;0;0;0;0;0;0;0;0;
outputs_20251125_232845/out_3845.txt;0;0;0;0;0;0;0;0;0;
outputs_20251125_232845/out_3848.txt;0;0;0;0;0;0;0;0;0;
outputs_20251125_232845/out_3849.txt;0;0;0;0;0;0;0;0;0;
outputs_20251125_232845/out_3854.txt;0;0;0;0;0;0;0;0;0;
outputs_20251125_232845/out_3855.txt;0;0;0;0;0;0;0;0;0;
outputs_20251125_232845/out_3857.txt;0;0;0;0;0;0;0;0;0;
outputs_20251125_232845/out_3859.txt;0;0;0;0;0;0;0;0;0;
outputs_20251125_232845/out_3860.txt;0;0;0;0;0;0;0;0;0;
outputs_20251125_232845/out_3861.txt;0;0;0;0;0;0;0;0;0;
outputs_20251125_232845/out_3862.txt;0;0;0;0;0;0;0;0;0;
outputs_20251125_232845/out_3869.txt;0;0;0;1;0;1;0;0;0;
outputs_20251125_232845/out_3876.txt;0;0;0;0;0;0;0;0;0;
outputs_20251125_232845/out_3877.txt;0;0;0;0;0;0;0;0;0;
outputs_20251125_232845/out_3878.txt;0;0;0;0;0;0;0;0;0;
outputs_20251125_232845/out_3879.txt;0;0;0;0;0;0;0;0;0;
outputs_20251125_232845/out_3881.txt;0;0;0;0;0;0;0;0;0;
outputs_20251125_232845/out_3884.txt;0;0;0;0;0;0;0;0;0;
outputs_20251125_232845/out_3885.txt;0;0;0;0;0;0;0;0;0;
outputs_20251125_232845/out_3891.txt;0;0;0;0;0;0;0;0;0;
outputs_20251125_232845/out_3892.txt;0;0;0;1;0;0;0;0;0;
outputs_20251125_232845/out_3893.txt;0;0;0;1;0;0;0;0;0;
outputs_20251125_232845/out_3895.txt;0;0;0;1;0;0;0;0;0;
outputs_20251125_232845/out_3900.txt;0;0;0;0;0;0;0;0;0;
outputs_20251125_232845/out_3903.txt;0;0;0;0;0;0;0;0;0;
outputs_20251125_232845/out_3904.txt;0;0;0;1;0;0;0;0;0;
outputs_20251125_232845/out_3907.txt;0;0;0;0;0;0;0;0;0;
outputs_20251125_232845/out_3909.txt;0;0;0;0;0;0;0;0;0;
outputs_20251125_232845/out_3910.txt;0;0;0;0;0;0;0;0;0;
outputs_20251125_232845/out_3914.txt;0;0;0;0;0;0;0;0;0;
outputs_20251125_232845/out_3917.txt;0;0;0;0;0;0;0;0;0;
outputs_20251125_232845/out_3918.txt;0;0;0;0;0;0;0;0;0;
outputs_20251125_232845/out_3919.txt;0;0;0;0;0;0;0;0;0;
outputs_20251125_232845/out_3920.txt;0;0;0;0;0;0;0;0;0;
outputs_20251125_232845/out_3927.txt;0;0;0;0;0;0;0;0;0;
outputs_20251125_232845/out_3933.txt;0;0;0;0;0;0;0;0;1;
outputs_20251125_232845/out_3936.txt;0;0;0;0;0;0;0;0;0;
outputs_20251125_232845/out_3937.txt;0;0;0;0;0;0;0;0;0;
outputs_20251125_232845/out_3941.txt;0;0;0;0;0;0;0;0;0;
outputs_20251125_232845/out_3947.txt;0;0;0;1;0;0;0;0;0;
outputs_20251125_232845/out_3948.txt;0;0;0;0;0;0;0;0;0;
outputs_20251125_232845/out_3950.txt;0;0;0;0;0;0;0;0;0;
outputs_20251125_232845/out_3952.txt;0;0;0;0;0;0;0;0;0;
outputs_20251125_232845/out_3953.txt;0;0;0;0;0;0;0;0;0;
outputs_20251125_232845/out_3956.txt;0;0;0;1;0;0;0;0;0;
outputs_20251125_232845/out_3957.txt;0;0;0;1;0;0;0;0;0;
outputs_20251125_232845/out_3962.txt;0;0;0;0;0;0;0;0;0;
outputs_20251125_232845/out_3963.txt;0;0;0;0;0;0;0;0;0;
outputs_20251125_232845/out_3969.txt;0;0;0;0;0;0;0;0;0;
outputs_20251125_232845/out_3972.txt;0;0;0;0;0;0;0;0;0;
outputs_20251125_232845/out_3974.txt;0;0;0;0;0;0;0;0;1;
outputs_20251125_232845/out_3975.txt;0;0;0;0;0;0;0;0;0;
outputs_20251125_232845/out_3978.txt;0;0;0;1;0;0;0;0;0;
outputs_20251125_232845/out_3979.txt;0;0;0;0;0;0;0;0;0;
outputs_20251125_232845/out_3982.txt;0;0;0;0;0;0;0;0;0;
outputs_20251125_232845/out_3987.txt;0;0;0;0;0;0;0;0;0;
outputs_20251125_232845/out_3988.txt;0;0;0;0;0;0;0;0;0;
outputs_20251125_232845/out_3989.txt;0;0;0;0;0;0;0;0;0;
outputs_20251125_232845/out_3992.txt;0;0;0;0;0;0;0;0;0;
outputs_20251125_232845/out_3996.txt;0;0;0;0;0;0;0;0;0;
outputs_20251125_232845/out_3997.txt;0;0;0;0;0;0;0;0;0;
outputs_20251125_232845/out_3998.txt;0;0;0;0;0;0;0;0;0;
outputs_20251125_232845/out_4004.txt;0;0;0;0;0;0;0;0;0;
outputs_20251125_232845/out_4005.txt;0;0;0;0;0;0;0;0;0;
outputs_20251125_232845/out_4010.txt;0;0;0;0;0;0;0;0;0;
outputs_20251125_232845/out_4017.txt;0;0;0;0;0;0;0;0;0;
outputs_20251125_232845/out_4019.txt;0;0;0;0;0;0;0;0;0;
outputs_20251125_232845/out_4022.txt;0;0;0;1;0;0;0;0;0;
outputs_20251125_232845/out_4023.txt;0;0;0;0;0;0;0;0;0;
outputs_20251125_232845/out_4024.txt;0;0;0;1;0;1;0;0;0;
outputs_20251125_232845/out_4026.txt;0;0;0;1;0;0;0;0;0;
outputs_20251125_232845/out_4027.txt;0;0;0;0;0;0;0;0;0;
outputs_20251125_232845/out_4028.txt;0;0;0;0;0;0;0;0;0;
outputs_20251125_232845/out_4029.txt;0;0;0;0;0;0;0;0;0;
outputs_20251125_232845/out_4031.txt;0;0;0;0;0;0;0;0;0;
outputs_20251125_232845/out_4037.txt;0;0;0;0;0;0;0;0;0;
outputs_20251125_232845/out_4038.txt;0;0;0;0;0;0;0;0;0;
outputs_20251125_232845/out_4042.txt;0;0;0;0;0;0;0;0;0;
outputs_20251125_232845/out_4045.txt;0;0;0;0;0;0;0;0;0;
outputs_20251125_232845/out_4046.txt;0;0;0;1;0;0;0;0;0;
outputs_20251125_232845/out_4050.txt;0;0;0;0;0;0;0;0;0;
outputs_20251125_232845/out_4055.txt;0;0;0;1;0;0;0;0;0;
outputs_20251125_232845/out_4057.txt;0;0;0;1;0;0;0;0;0;
outputs_20251125_232845/out_4058.txt;0;0;0;0;0;0;0;0;0;
outputs_20251125_232845/out_4059.txt;0;0;0;0;0;0;0;0;0;
outputs_20251125_232845/out_4062.txt;0;0;0;0;0;0;0;0;0;
outputs_20251125_232845/out_4065.txt;0;0;0;0;0;0;0;0;0;
outputs_20251125_232845/out_4066.txt;0;0;0;1;0;0;0;0;0;
outputs_20251125_232845/out_4069.txt;0;0;0;0;0;0;0;0;0;
outputs_20251125_232845/out_4072.txt;0;0;0;0;0;0;0;0;0;
outputs_20251125_232845/out_4074.txt;0;0;0;0;0;0;0;0;0;
outputs_20251125_232845/out_4077.txt;0;0;0;0;0;0;0;0;0;
outputs_20251125_232845/out_4079.txt;0;0;0;0;0;0;0;0;0;
outputs_20251125_232845/out_4086.txt;0;0;0;1;0;0;0;0;0;
outputs_20251125_232845/out_4094.txt;0;0;0;0;0;0;0;0;0;
outputs_20251125_232845/out_4095.txt;0;0;0;0;0;0;0;0;0;
outputs_20251125_232845/out_4096.txt;0;0;0;0;0;0;0;0;0;
outputs_20251125_232845/out_4100.txt;0;0;0;0;0;0;0;0;1;
outputs_20251125_232845/out_4101.txt;0;0;0;0;0;0;0;0;0;
outputs_20251125_232845/out_4102.txt;0;0;0;0;0;0;0;0;0;
outputs_20251125_232845/out_4103.txt;0;0;0;0;0;0;0;0;0;
outputs_20251125_232845/out_4104.txt;0;0;0;0;0;0;0;0;0;
outputs_20251125_232845/out_4105.txt;0;0;0;0;0;0;0;0;0;
outputs_20251125_232845/out_4109.txt;0;0;0;0;0;0;0;0;0;
outputs_20251125_232845/out_4111.txt;0;0;0;0;0;0;0;0;0;
outputs_20251125_232845/out_4113.txt;0;0;0;0;0;0;0;0;0;
outputs_20251125_232845/out_4115.txt;0;0;0;0;0;0;0;0;0;
outputs_20251125_232845/out_4116.txt;0;0;0;0;0;0;0;0;0;
outputs_20251125_232845/out_4117.txt;0;0;0;0;0;0;0;0;0;
outputs_20251125_232845/out_4118.txt;0;0;0;0;0;0;0;0;0;
outputs_20251125_232845/out_4119.txt;0;0;0;1;0;0;0;0;0;
outputs_20251125_232845/out_4121.txt;0;0;0;0;0;0;0;0;0;
outputs_20251125_232845/out_4122.txt;0;0;0;0;0;0;0;0;0;
outputs_20251125_232845/out_4123.txt;0;0;0;0;0;0;0;0;0;
outputs_20251125_232845/out_4124.txt;0;0;0;0;0;0;0;0;0;
outputs_20251125_232845/out_4126.txt;0;0;0;0;0;0;0;0;0;
outputs_20251125_232845/out_4127.txt;0;0;0;0;0;0;0;0;0;
outputs_20251125_232845/out_4129.txt;0;0;0;0;0;0;0;0;0;
outputs_20251125_232845/out_4130.txt;0;0;0;0;0;0;0;0;0;
outputs_20251125_232845/out_4132.txt;0;0;0;0;0;0;0;0;0;
outputs_20251125_232845/out_4133.txt;0;0;0;1;0;0;0;0;0;
outputs_20251125_232845/out_4135.txt;0;0;0;0;0;0;0;0;0;
outputs_20251125_232845/out_4138.txt;0;0;0;1;0;0;0;0;0;
outputs_20251125_232845/out_4139.txt;0;0;0;1;0;0;0;0;0;
outputs_20251125_232845/out_4143.txt;0;0;0;0;0;0;0;0;0;
outputs_20251125_232845/out_4144.txt;0;0;0;0;0;0;0;0;0;
outputs_20251125_232845/out_4147.txt;0;0;0;1;0;0;0;0;0;
outputs_20251125_232845/out_4151.txt;0;0;0;0;0;0;0;0;0;
outputs_20251125_232845/out_4153.txt;0;0;0;0;0;0;0;0;0;
outputs_20251125_232845/out_4154.txt;0;0;0;0;0;0;0;0;0;
outputs_20251125_232845/out_4155.txt;0;0;0;0;0;0;0;0;0;
outputs_20251125_232845/out_4156.txt;0;0;0;0;0;0;0;0;0;
outputs_20251125_232845/out_4158.txt;0;0;0;0;0;0;0;0;0;
outputs_20251125_232845/out_4161.txt;0;0;0;0;0;1;0;0;0;
outputs_20251125_232845/out_4163.txt;0;0;0;0;0;0;0;0;0;
outputs_20251125_232845/out_4164.txt;0;0;0;0;0;0;0;0;0;
outputs_20251125_232845/out_4166.txt;0;0;0;0;0;0;0;0;0;
outputs_20251125_232845/out_4170.txt;0;0;0;0;0;0;0;0;0;
outputs_20251125_232845/out_4175.txt;0;0;0;0;0;0;0;0;0;
outputs_20251125_232845/out_4182.txt;0;0;0;0;0;0;0;0;0;
outputs_20251125_232845/out_4183.txt;0;0;0;0;0;0;0;0;0;
outputs_20251125_232845/out_4184.txt;0;0;0;0;0;0;0;0;0;
outputs_20251125_232845/out_4185.txt;0;0;0;0;0;0;0;0;0;
outputs_20251125_232845/out_4186.txt;0;0;0;0;0;0;0;0;0;
outputs_20251125_232845/out_4190.txt;0;0;0;0;0;0;0;0;0;
outputs_20251125_232845/out_4191.txt;0;0;0;1;0;0;0;0;0;
outputs_20251125_232845/out_4192.txt;0;0;0;0;0;0;0;0;0;
outputs_20251125_232845/out_4193.txt;0;0;0;0;0;0;0;0;0;
outputs_20251125_232845/out_4194.txt;0;0;0;0;0;0;0;0;0;
outputs_20251125_232845/out_4200.txt;0;0;0;0;0;0;0;0;0;
outputs_20251125_232845/out_4201.txt;0;0;0;0;0;0;0;0;1;
outputs_20251125_232845/out_4203.txt;0;0;0;0;0;0;0;0;0;
outputs_20251125_232845/out_4205.txt;0;0;0;0;0;0;0;0;0;
outputs_20251125_232845/out_4208.txt;0;0;0;0;0;0;0;0;0;
outputs_20251125_232845/out_4211.txt;0;0;0;0;0;0;0;0;0;
outputs_20251125_232845/out_4212.txt;0;0;0;0;0;0;0;0;0;
outputs_20251125_232845/out_4213.txt;0;0;0;0;0;1;0;0;0;
outputs_20251125_232845/out_4217.txt;0;0;0;0;0;0;0;0;0;
outputs_20251125_232845/out_4221.txt;0;0;0;1;0;0;0;0;0;
outputs_20251125_232845/out_4225.txt;0;0;0;0;0;0;0;0;0;
outputs_20251125_232845/out_4229.txt;0;0;0;1;0;0;0;0;0;
outputs_20251125_232845/out_4233.txt;0;0;0;0;0;0;0;0;1;
outputs_20251125_232845/out_4235.txt;0;0;0;0;0;0;0;0;0;
outputs_20251125_232845/out_4236.txt;0;0;0;0;0;0;0;0;0;
outputs_20251125_232845/out_4237.txt;0;0;0;0;0;0;0;0;0;
outputs_20251125_232845/out_4242.txt;0;0;0;0;0;0;0;0;0;
outputs_20251125_232845/out_4243.txt;0;0;0;0;0;0;0;0;0;
outputs_20251125_232845/out_4244.txt;0;0;0;0;0;0;0;0;0;
outputs_20251125_232845/out_4254.txt;0;0;0;0;0;0;0;0;1;
outputs_20251125_232845/out_4268.txt;0;0;0;0;0;0;0;0;0;
outputs_20251125_232845/out_4282.txt;0;0;0;1;0;1;0;0;0;
outputs_20251125_232845/out_4293.txt;0;0;0;0;0;0;0;0;0;
outputs_20251125_232845/out_4307.txt;0;0;0;0;0;0;0;0;0;
outputs_20251125_232845/out_4339.txt;0;0;0;0;0;0;0;0;0;
outputs_20251125_232845/out_4351.txt;0;0;0;0;0;0;0;0;0;
outputs_20251125_232845/out_4378.txt;0;0;0;1;0;0;0;0;0;
outputs_20251125_232845/out_4397.txt;0;0;0;1;0;0;0;0;0;
outputs_20251125_232845/out_4400.txt;0;0;0;0;0;0;0;0;0;
outputs_20251125_232845/out_4410.txt;0;0;0;0;0;0;0;0;0;
outputs_20251125_232845/out_4422.txt;0;0;0;0;0;0;0;0;0;
outputs_20251125_232845/out_4428.txt;0;0;0;0;0;0;0;0;0;
outputs_20251125_232845/out_4435.txt;0;0;0;1;0;0;0;0;0;
outputs_20251125_232845/out_4441.txt;0;0;0;0;0;0;0;0;0;
outputs_20251125_232845/out_4442.txt;0;0;0;0;0;0;0;0;0;
outputs_20251125_232845/out_4457.txt;0;0;0;0;0;0;0;0;0;
outputs_20251125_232845/out_4465.txt;0;0;0;0;0;0;0;0;0;
outputs_20251125_232845/out_4482.txt;0;0;0;0;0;0;0;0;0;
outputs_20251125_232845/out_4485.txt;0;0;0;0;0;0;0;0;0;
outputs_20251125_232845/out_4538.txt;0;0;0;0;0;0;0;0;0;
outputs_20251125_232845/out_4557.txt;0;0;0;0;0;0;0;0;0;
outputs_20251125_232845/out_4560.txt;0;0;0;0;0;0;0;0;0;
outputs_20251125_232845/out_4572.txt;0;0;0;1;0;0;0;0;0;
outputs_20251125_232845/out_4573.txt;0;0;0;1;0;0;0;0;0;
outputs_20251125_232845/out_4574.txt;0;0;0;0;0;0;0;0;0;
outputs_20251125_232845/out_4604.txt;0;0;0;0;0;0;0;0;0;
outputs_20251125_232845/out_4610.txt;0;0;0;0;0;0;0;0;1;
outputs_20251125_232845/out_4612.txt;0;0;0;0;0;0;0;0;0;
outputs_20251125_232845/out_4618.txt;0;0;0;0;0;0;0;0;0;
outputs_20251125_232845/out_4621.txt;0;0;0;0;0;0;0;0;0;
outputs_20251125_232845/out_4631.txt;0;0;0;0;0;0;0;0;0;
outputs_20251125_232845/out_4646.txt;0;0;0;0;0;0;0;0;0;
outputs_20251125_232845/out_4655.txt;0;0;0;0;0;0;0;0;0;
outputs_20251125_232845/out_4656.txt;0;0;0;0;0;0;0;0;0;
outputs_20251125_232845/out_4697.txt;0;0;0;0;0;0;0;0;0;
outputs_20251125_232845/out_4706.txt;0;0;0;0;0;0;0;0;0;
outputs_20251125_232845/out_4709.txt;0;0;0;0;0;0;0;0;0;
outputs_20251125_232845/out_4710.txt;0;0;0;1;0;0;0;0;0;
outputs_20251125_232845/out_4733.txt;0;0;0;1;0;0;0;0;0;
outputs_20251125_232845/out_4742.txt;0;0;0;1;0;0;0;0;0;
outputs_20251125_232845/out_4749.txt;0;0;0;0;0;0;0;0;0;
outputs_20251125_232845/out_4755.txt;0;0;0;0;0;0;0;0;0;
outputs_20251125_232845/out_4776.txt;0;0;0;0;0;0;0;0;0;
outputs_20251125_232845/out_4779.txt;0;0;0;0;0;0;0;0;0;
outputs_20251125_232845/out_4785.txt;0;0;0;0;0;0;0;0;0;
outputs_20251125_232845/out_4792.txt;0;0;0;1;0;0;0;0;0;
outputs_20251125_232845/out_4801.txt;0;0;0;0;0;0;0;0;0;
outputs_20251125_232845/out_4806.txt;0;0;0;0;0;0;0;0;0;
outputs_20251125_232845/out_4817.txt;0;0;0;0;0;0;0;0;0;
outputs_20251125_232845/out_4818.txt;0;0;0;0;0;0;0;0;0;
outputs_20251125_232845/out_4830.txt;0;0;0;0;0;0;0;0;0;
outputs_20251125_232845/out_4845.txt;0;0;0;0;0;0;0;0;0;
outputs_20251125_232845/out_4853.txt;0;0;0;0;0;0;0;0;0;
outputs_20251125_232845/out_4884.txt;0;0;0;0;0;0;0;0;0;
outputs_20251125_232845/out_4911.txt;0;0;0;0;0;0;0;0;0;
outputs_20251125_232845/out_4918.txt;0;0;0;1;0;0;0;0;0;
outputs_20251125_232845/out_4931.txt;0;0;0;0;0;0;0;0;0;
outputs_20251125_232845/out_4935.txt;0;0;0;0;0;0;0;0;0;
outputs_20251125_232845/out_4942.txt;0;0;0;0;0;0;0;0;0;
outputs_20251125_232845/out_4956.txt;0;0;0;1;0;0;0;0;0;
outputs_20251125_232845/out_4959.txt;0;0;0;0;0;0;0;0;0;
outputs_20251125_232845/out_4965.txt;0;0;0;0;0;0;0;0;0;
outputs_20251125_232845/out_4983.txt;0;0;0;1;0;0;0;0;0;
outputs_20251125_232845/out_4988.txt;0;0;0;0;0;0;0;0;1;
outputs_20251125_232845/out_5022.txt;0;0;0;0;0;0;0;0;0;
outputs_20251125_232845/out_5030.txt;0;0;0;0;0;0;0;0;1;
outputs_20251125_232845/out_5049.txt;0;0;0;1;0;0;0;0;0;
outputs_20251125_232845/out_5050.txt;0;0;0;0;0;0;0;0;0;
outputs_20251125_232845/out_5052.txt;0;0;0;1;0;0;0;0;0;
outputs_20251125_232845/out_5076.txt;0;0;0;1;0;0;0;0;0;
outputs_20251125_232845/out_5139.txt;0;0;0;0;0;0;0;0;0;
outputs_20251125_232845/out_5153.txt;0;0;0;0;0;0;0;0;0;
outputs_20251125_232845/out_5162.txt;0;0;0;0;0;0;0;0;0;
outputs_20251125_232845/out_5164.txt;0;0;0;0;0;0;0;0;1;
outputs_20251125_232845/out_5168.txt;0;0;0;0;0;0;0;0;0;
outputs_20251125_232845/out_5172.txt;0;0;0;1;0;0;0;0;0;
outputs_20251125_232845/out_5203.txt;0;0;0;0;0;0;0;0;0;
outputs_20251125_232845/out_5214.txt;0;0;0;1;0;0;0;0;0;
outputs_20251125_232845/out_5219.txt;0;0;0;0;0;0;0;0;0;
outputs_20251125_232845/out_5223.txt;0;0;0;0;0;0;0;0;0;
outputs_20251125_232845/out_5228.txt;0;0;0;0;0;0;0;0;0;
outputs_20251125_232845/out_5230.txt;0;0;0;1;0;0;0;0;0;
outputs_20251125_232845/out_5233.txt;0;0;0;0;0;0;0;0;0;
outputs_20251125_232845/out_5241.txt;0;0;0;1;0;0;0;0;0;
outputs_20251125_232845/out_5250.txt;0;0;0;0;0;0;0;0;0;
outputs_20251125_232845/out_5251.txt;0;0;0;0;0;0;0;0;0;
outputs_20251125_232845/out_5252.txt;0;0;0;0;0;0;0;0;0;
outputs_20251125_232845/out_5253.txt;0;0;0;0;0;0;0;0;0;
outputs_20251125_232845/out_5254.txt;0;0;0;0;0;0;0;0;0;
outputs_20251125_232845/out_5255.txt;0;0;0;0;0;0;0;0;0;
outputs_20251125_232845/out_5256.txt;0;0;0;0;0;0;0;0;0;
outputs_20251125_232845/out_5257.txt;0;0;0;0;0;0;0;0;0;
outputs_20251125_232845/out_5258.txt;0;0;0;0;0;0;0;0;0;
outputs_20251125_232845/out_5259.txt;0;0;0;0;0;0;0;0;0;
outputs_20251125_232845/out_5268.txt;0;0;0;0;0;0;0;0;0;
outputs_20251125_232845/out_5269.txt;0;0;0;0;0;0;0;0;0;
outputs_20251125_232845/out_5270.txt;0;0;0;0;0;0;0;0;0;
outputs_20251125_232845/out_5271.txt;0;0;0;0;0;0;0;0;0;
outputs_20251125_232845/out_5272.txt;0;0;0;0;0;0;0;0;0;
outputs_20251125_232845/out_5273.txt;0;0;0;0;0;0;0;0;0;
outputs_20251125_232845/out_5274.txt;0;0;0;0;0;0;0;0;0;
outputs_20251125_232845/out_5275.txt;0;0;0;0;0;0;0;0;0;
outputs_20251125_232845/out_5276.txt;0;0;0;0;0;0;0;0;0;
outputs_20251125_232845/out_5277.txt;0;0;0;0;0;0;0;0;0;
outputs_20251125_232845/out_5353.txt;0;0;0;0;0;0;0;0;0;
outputs_20251125_232845/out_5354.txt;0;0;0;0;0;0;0;0;0;
outputs_20251125_232845/out_5355.txt;0;0;0;0;0;0;0;0;0;
outputs_20251125_232845/out_5359.txt;0;0;0;0;0;0;0;0;0;
outputs_20251125_232845/out_5360.txt;0;0;0;0;0;0;0;0;0;
outputs_20251125_232845/out_5364.txt;0;0;0;0;0;0;0;0;0;
outputs_20251125_232845/out_5389.txt;0;0;0;0;0;0;0;0;0;
outputs_20251125_232845/out_5390.txt;0;0;0;0;0;0;0;0;0;
outputs_20251125_232845/out_5391.txt;0;0;0;0;0;0;0;0;0;
outputs_20251125_232845/out_5424.txt;0;0;0;0;0;0;0;0;0;
outputs_20251125_232845/out_5454.txt;0;0;0;0;0;0;0;0;0;
outputs_20251125_232845/out_5458.txt;0;0;0;0;0;0;0;0;0;
outputs_20251125_232845/out_5459.txt;0;0;0;0;0;0;0;0;0;
outputs_20251125_232845/out_5460.txt;0;0;0;0;0;0;0;0;0;
outputs_20251125_232845/out_5461.txt;0;0;0;0;0;0;0;0;0;
outputs_20251125_232845/out_5462.txt;0;0;0;0;0;0;0;0;0;
outputs_20251125_232845/out_5470.txt;0;0;0;0;0;0;0;0;0;
outputs_20251125_232845/out_5475.txt;0;0;0;0;0;0;0;0;0;
outputs_20251125_232845/out_5477.txt;0;0;0;0;0;0;0;0;0;
outputs_20251125_232845/out_5478.txt;0;0;0;0;0;0;0;0;0;
